0.00703952, 0.144777, -0.229348, 0
0.0666885, 0.204767, -0.230418, 1
0.126507, 0.264756, -0.231568, 1
0.186516, 0.324743, -0.232804, 1
0.246446, 0.384718, -0.234523, 1
0.30866, 0.444684, -0.236538, 1
0.368014, 0.504648, -0.23862, 1
0.426883, 0.564609, -0.24076, 1
0.486513, 0.624569, -0.242958, 1
0.546891, 0.684527, -0.245213, 1
0.607159, 0.744482, -0.247527, 1
0.675234, 0.804435, -0.249897, 1
0.728456, 0.864386, -0.252326, 1
0.787158, 0.924334, -0.254812, 1
0.846514, 0.98428, -0.257355, 1
0.906388, 1.04422, -0.259956, 1
0.966525, 1.10417, -0.26254, 1
1.02678, 1.16413, -0.264525, 1
1.08649, 1.22408, -0.266993, 1
1.14652, 1.28403, -0.269564, 1
1.20647, 1.34397, -0.272194, 1
1.26689, 1.40391, -0.274881, 1
1.32691, 1.46385, -0.277626, 1
1.38666, 1.52378, -0.280429, 1
1.44824, 1.58371, -0.28329, 1
1.50674, 1.64367, -0.285676, 1
1.56843, 1.70361, -0.288292, 1
1.62689, 1.76354, -0.291089, 1
1.6865, 1.82347, -0.293949, 1
1.74756, 1.88343, -0.296312, 1
1.80633, 1.94338, -0.298573, 1
1.86725, 2.00333, -0.301232, 1
1.92716, 2.06329, -0.303145, 1
1.98649, 2.12325, -0.305334, 1
2.04637, 2.1832, -0.307809, 1
2.1069, 2.24315, -0.310352, 1
2.16674, 2.30312, -0.312328, 1
2.22693, 2.36307, -0.31468, 1
2.28642, 2.42302, -0.317163, 1
2.34645, 2.48296, -0.319706, 1
2.40638, 2.54291, -0.322308, 1
2.46865, 2.60285, -0.324966, 1
2.52788, 2.66279, -0.327683, 1
2.58681, 2.72272, -0.330457, 1
2.64641, 2.78266, -0.333288, 1
2.70805, 2.84259, -0.336178, 1
2.76822, 2.90252, -0.338997, 1
2.82648, 2.96249, -0.340974, 1
2.88636, 3.02247, -0.34234, 1
2.94637, 3.08247, -0.342531, 1
3.00647, 3.14247, -0.342038, 1
3.06664, 3.20244, -0.340508, 1
3.12646, 3.2624, -0.338297, 1
3.18688, 3.32236, -0.335898, 1
3.24643, 3.38232, -0.333758, 1
3.30645, 3.44227, -0.331379, 1
3.36638, 3.50222, -0.328841, 1
3.42756, 3.56218, -0.326916, 1
3.48788, 3.62213, -0.32438, 1
3.55043, 3.68209, -0.322075, 1
3.60653, 3.74202, -0.319302, 1
3.6684, 3.80197, -0.316766, 1
3.72648, 3.86192, -0.314515, 1
3.78656, 3.92188, -0.312331, 1
3.8464, 3.98185, -0.310206, 1
3.90633, 4.04181, -0.308138, 1
3.96644, 4.10178, -0.306127, 1
4.0266, 4.16175, -0.304174, 1
4.08639, 4.22172, -0.302279, 1
4.14705, 4.28169, -0.300442, 1
4.20642, 4.34166, -0.298662, 1
4.26651, 4.40164, -0.29694, 1
4.32679, 4.46161, -0.295275, 1
4.38929, 4.52159, -0.293668, 1
4.44854, 4.58157, -0.292119, 1
4.50718, 4.64155, -0.290627, 1
4.56638, 4.70154, -0.289193, 1
4.62671, 4.76152, -0.287817, 1
4.68637, 4.82151, -0.286498, 1
4.74637, 4.88149, -0.285237, 1
4.80641, 4.94148, -0.284033, 1
4.86654, 5.00147, -0.282888, 1
4.92646, 5.06146, -0.281648, 1
4.98666, 5.12133, -0.277904, 1
5.04644, 5.18091, -0.270853, 1
5.10682, 5.24, -0.260484, 1
5.16646, 5.29839, -0.246746, 1
5.22655, 5.35609, -0.230304, 1
5.28642, 5.41316, -0.211766, 1
5.34727, 5.47028, -0.193405, 1
5.40823, 5.52748, -0.175287, 1
5.46695, 5.58451, -0.156668, 1
5.52642, 5.64113, -0.136807, 1
5.58826, 5.69708, -0.115146, 1
5.64641, 5.75247, -0.0920885, 1
5.70641, 5.80713, -0.0673534, 1
5.7664, 5.86139, -0.0417502, 1
5.81812, 5.91221, -0.0168548, 3
5.86762, 5.96472, 0.00942709, 3
5.90848, 6.01248, 0.0330093, 3
5.94665, 6.07035, 0.0614817, 3
5.97818, 6.11983, 0.0853144, 3
6.00638, 6.17371, 0.110999, 3
6.03909, 6.23087, 0.138586, 2
6.06676, 6.28747, 0.167488, 2
6.09836, 6.3448, 0.198666, 3
6.12647, 6.40407, 0.232346, 2
6.15903, 6.46306, 0.267211, 2
6.18667, 6.52084, 0.302946, 3
6.21813, 6.5795, 0.340589, 3
6.24669, 6.63983, 0.380729, 3
6.27987, 6.6992, 0.421692, 3
6.30969, 6.75761, 0.463596, 2
6.33872, 6.81143, 0.504987, 1
6.36665, 6.85723, 0.543719, 1
6.40174, 6.89404, 0.579603, 1
6.43917, 6.92933, 0.62285, 1
6.48641, 6.95929, 0.672288, 1
6.53805, 6.98195, 0.719887, 1
6.58703, 7.00046, 0.767348, 1
6.63815, 7.01562, 0.815333, 1
6.68644, 7.02762, 0.86398, 1
6.73867, 7.0365, 0.913217, 1
6.7865, 7.04225, 0.962892, 1
6.83907, 7.045, 1.01438, 2
6.88634, 7.0456, 1.06893, 2
6.93802, 7.04287, 1.12222, 1
6.99038, 7.03607, 1.17293, 1
7.03848, 7.02561, 1.22293, 1
7.08658, 7.01181, 1.2752, 1
7.1385, 6.99579, 1.32522, 1
7.18699, 6.9763, 1.37222, 1
7.23884, 6.95392, 1.41726, 1
7.28642, 6.92877, 1.46059, 1
7.33812, 6.90092, 1.50215, 1
7.38723, 6.87083, 1.5421, 1
7.43807, 6.83997, 1.58144, 1
7.48639, 6.809, 1.6207, 1
7.53821, 6.77798, 1.65991, 1
7.598, 6.73932, 1.70579, 1
7.65802, 6.69792, 1.7492, 1
7.70678, 6.66038, 1.78449, 1
7.7581, 6.62214, 1.81767, 1
7.80639, 6.58266, 1.84871, 1
7.85849, 6.54073, 1.87965, 1
7.90666, 6.49891, 1.9105, 1
7.95874, 6.45822, 1.94072, 1
8.00672, 6.41811, 1.97097, 1
8.05807, 6.37811, 2.00111, 1
8.10672, 6.33826, 2.03135, 1
8.15964, 6.29844, 2.06161, 1
8.20637, 6.25851, 2.0917, 1
8.25816, 6.21879, 2.12207, 1
8.31869, 6.17002, 2.15702, 1
8.3785, 6.11934, 2.18911, 1
8.43948, 6.06657, 2.21764, 1
8.4982, 6.0119, 2.24232, 1
8.55801, 5.95573, 2.26339, 1
8.61804, 5.89851, 2.28143, 1
8.67915, 5.84092, 2.29828, 1
8.73804, 5.78347, 2.31558, 1
8.7993, 5.72582, 2.33219, 1
8.85807, 5.66707, 2.34428, 1
8.91888, 5.60747, 2.35102, 1
8.97847, 5.54751, 2.35267, 1
9.02688, 5.49663, 2.35033, 2
9.07817, 5.44291, 2.34549, 2
9.12639, 5.38283, 2.33689, 3
9.16641, 5.32719, 2.32818, 3
9.20637, 5.2625, 2.31774, 3
9.24672, 5.19768, 2.30826, 1
9.28639, 5.13651, 2.29902, 3
9.31882, 5.08448, 2.29055, 3
9.34674, 5.02733, 2.28202, 3
9.37811, 4.9656, 2.2747, 3
9.40666, 4.89984, 2.26991, 3
9.43868, 4.83647, 2.26951, 1
9.46668, 4.78173, 2.27265, 1
9.50654, 4.7221, 2.27829, 1
9.55834, 4.66234, 2.2843, 1
9.60637, 4.6089, 2.28648, 1
9.65814, 4.5578, 2.2833, 1
9.71017, 4.50824, 2.27418, 1
9.75835, 4.45986, 2.26101, 1
9.80636, 4.41236, 2.24523, 1
9.85815, 4.36506, 2.22896, 1
9.90805, 4.31768, 2.21297, 1
9.9593, 4.27019, 2.19733, 1
10.0064, 4.22256, 2.18212, 1
10.0581, 4.17489, 2.16703, 1
10.1185, 4.118, 2.14797, 1
10.1782, 4.06191, 2.12667, 1
10.2384, 4.00639, 2.10393, 1
10.2981, 3.95141, 2.0799, 1
10.3588, 3.897, 2.05462, 1
10.4184, 3.84294, 2.02858, 1
10.479, 3.78885, 2.00262, 1
10.538, 3.73471, 1.97677, 1
10.5981, 3.68013, 1.95185, 1
10.6581, 3.62504, 1.92808, 1
10.7184, 3.56944, 1.90552, 1
10.7781, 3.51355, 1.8837, 1
10.8386, 3.45725, 1.86296, 1
10.8981, 3.40051, 1.84347, 1
10.9581, 3.34372, 1.8241, 1
11.018, 3.28702, 1.80447, 1
11.0786, 3.23014, 1.78538, 1
11.138, 3.17256, 1.76855, 1
11.1994, 3.11433, 1.75408, 1
11.2581, 3.05554, 1.74213, 1
11.32, 2.9963, 1.73263, 1
11.3806, 2.93676, 1.72526, 1
11.4434, 2.87712, 1.71865, 1
11.4987, 2.81751, 1.71182, 1
11.5581, 2.75789, 1.7051, 1
11.618, 2.69798, 1.70222, 1
11.6786, 2.63814, 1.70595, 1
11.738, 2.57893, 1.71555, 1
11.7992, 2.52077, 1.73022, 1
11.8583, 2.46399, 1.74957, 1
11.9181, 2.40875, 1.77295, 1
11.9782, 2.35431, 1.79818, 1
12.0388, 2.29979, 1.82322, 1
12.0981, 2.24518, 1.84807, 1
12.1585, 2.19078, 1.87339, 1
12.2185, 2.13674, 1.89945, 1
12.281, 2.08294, 1.92601, 1
12.3383, 2.0295, 1.9533, 1
12.3987, 1.97643, 1.98129, 1
12.4581, 1.92336, 2.00929, 1
12.518, 1.87031, 2.03731, 1
12.5781, 1.81717, 2.06517, 1
12.6387, 1.76412, 2.09321, 1
12.698, 1.71093, 2.12096, 1
12.7588, 1.65751, 2.14828, 1
12.8181, 1.60403, 2.17548, 1
12.8789, 1.55049, 2.20258, 1
12.9381, 1.49691, 2.22957, 1
12.999, 1.44328, 2.25646, 1
13.0581, 1.38984, 2.28375, 1
13.1184, 1.33668, 2.31157, 1
13.1769, 1.28382, 2.33996, 1
13.2389, 1.23146, 2.36925, 1
13.2981, 1.1794, 2.39908, 1
13.36, 1.12762, 2.4294, 1
13.4204, 1.07614, 2.46022, 1
13.4793, 1.0249, 2.49142, 1
13.538, 0.973481, 2.52235, 1
13.5988, 0.922141, 2.5534, 1
13.658, 0.871329, 2.5853, 1
13.7185, 0.821514, 2.61874, 1
13.7783, 0.772825, 2.6538, 1
13.838, 0.725135, 2.69021, 1
13.898, 0.678273, 2.72767, 1
13.9587, 0.632318, 2.76625, 1
14.018, 0.586378, 2.80484, 1
14.079, 0.540396, 2.84339, 1
14.1381, 0.494709, 2.88228, 1
14.1994, 0.450067, 2.92236, 1
14.2589, 0.40676, 2.96389, 1
14.3187, 0.364421, 3.0064, 1
14.3801, 0.323482, 3.05026, 1
14.4382, 0.283829, 3.09529, 1
14.4981, 0.244701, 3.14077, 1
14.558, 0.205566, 3.18625, 1
14.618, 0.166394, 3.2317, 1
14.6792, 0.126869, 3.27684, 1
14.7382, 0.0866755, 3.32139, 1
14.7981, 0.0460571, 3.36555, 1
14.858, 0.00476766, 3.40908, 1
14.9194, -0.0368764, 3.45228, 1
14.9782, -0.0788523, 3.49515, 1
15.0388, -0.121066, 3.53779, 1
15.0981, -0.162966, 3.58073, 1
15.1582, -0.20498, 3.62357, 1
15.2187, -0.247876, 3.66551, 1
15.281, -0.29176, 3.70643, 1
15.3389, -0.336546, 3.74636, 1
15.4011, -0.382312, 3.78515, 1
15.4598, -0.428857, 3.82302, 1
15.518, -0.47564, 3.86058, 1
15.5787, -0.522225, 3.8984, 1
15.6389, -0.568751, 3.93628, 1
15.6981, -0.614907, 3.97462, 1
15.7581, -0.660466, 4.01366, 1
15.8182, -0.705247, 4.05359, 1
15.8793, -0.749585, 4.09401, 1
15.938, -0.79353, 4.13486, 1
15.9984, -0.837355, 4.17584, 1
16.0581, -0.881332, 4.21666, 1
16.1186, -0.925335, 4.25745, 1
16.1782, -0.969779, 4.29776, 1
16.2385, -1.01433, 4.33794, 1
16.2981, -1.05923, 4.37774, 1
16.3591, -1.10442, 4.41721, 1
16.4181, -1.14972, 4.45656, 1
16.4796, -1.1949, 4.49604, 1
16.5386, -1.24014, 4.53544, 1
16.6016, -1.28555, 4.57467, 1
16.6583, -1.33161, 4.61312, 1
16.7182, -1.37802, 4.65114, 1
16.7782, -1.42474, 4.68879, 1
16.838, -1.47229, 4.72538, 1
16.898, -1.5204, 4.76123, 1
16.9583, -1.56846, 4.79715, 1
17.0181, -1.61664, 4.8329, 1
17.0784, -1.66456, 4.86902, 1
17.1383, -1.71249, 4.90511, 1
17.1983, -1.76073, 4.94078, 1
17.2581, -1.80951, 4.97572, 1
17.3185, -1.85857, 5.01026, 1
17.3782, -1.9079, 5.04442, 1
17.4382, -1.95748, 5.0782, 1
17.4982, -2.00733, 5.1116, 1
17.5592, -2.05701, 5.14523, 1
17.6184, -2.10663, 5.17897, 1
17.6808, -2.1563, 5.21263, 1
17.738, -2.20647, 5.24552, 1
17.798, -2.2589, 5.27466, 1
17.8581, -2.31445, 5.29719, 1
17.9183, -2.37231, 5.31302, 1
17.9782, -2.43125, 5.32416, 1
18.039, -2.49087, 5.33073, 1
18.0981, -2.55082, 5.3327, 1
18.1581, -2.61075, 5.33005, 1
18.2181, -2.6703, 5.32282, 1
18.2785, -2.72911, 5.31103, 1
18.3381, -2.78685, 5.29476, 1
18.3985, -2.84317, 5.2741, 1
18.4586, -2.89773, 5.24918, 1
18.5184, -2.95022, 5.22014, 1
18.58, -3.00032, 5.18715, 1
18.6402, -3.04774, 5.15042, 1
18.6998, -3.0922, 5.11015, 1
18.7581, -3.13409, 5.0672, 1
18.818, -3.17271, 5.02131, 1
18.879, -3.2074, 4.97237, 1
18.938, -3.23827, 4.92094, 1
18.9982, -3.26514, 4.86731, 1
19.0582, -3.28787, 4.8118, 1
19.118, -3.30633, 4.75472, 1
19.1781, -3.32098, 4.69654, 1
19.2388, -3.33443, 4.63807, 1
19.298, -3.34319, 4.57875, 1
19.3588, -3.34567, 4.51882, 1
19.4181, -3.34332, 4.45888, 1
19.4797, -3.33632, 4.3993, 1
19.5382, -3.3247, 4.34046, 1
19.6011, -3.30854, 4.28269, 1
19.6582, -3.28818, 4.22626, 1
19.7192, -3.26524, 4.17083, 1
19.7803, -3.2386, 4.11708, 1
19.8382, -3.20802, 4.06547, 1
19.8981, -3.17424, 4.01589, 1
19.9582, -3.13712, 3.96877, 1
20.0182, -3.09708, 3.92409, 1
20.0787, -3.05699, 3.87945, 1
20.138, -3.01715, 3.83459, 1
20.1993, -2.97734, 3.7897, 1
20.2581, -2.93647, 3.74579, 1
20.3192, -2.89306, 3.70439, 1
20.3782, -2.84593, 3.66731, 1
20.439, -2.79493, 3.63576, 1
20.4983, -2.74131, 3.60886, 1
20.5583, -2.68577, 3.5862, 1
20.6183, -2.62869, 3.56775, 1
20.6784, -2.57099, 3.55129, 1
20.7387, -2.51347, 3.53425, 1
20.7986, -2.45648, 3.51548, 1
20.8586, -2.40032, 3.49437, 1
20.92, -2.34498, 3.4712, 1
20.9783, -2.29044, 3.4462, 1
21.0381, -2.23644, 3.42004, 1
21.0981, -2.18251, 3.39375, 1
21.1581, -2.12853, 3.36755, 1
21.2181, -2.07512, 3.34022, 1
21.2788, -2.02231, 3.31176, 1
21.3381, -1.9724, 3.27853, 1
21.3985, -1.92746, 3.23883, 1
21.4582, -1.88638, 3.19512, 1
21.5181, -1.84881, 3.14835, 1
21.5781, -1.81495, 3.09884, 1
21.6386, -1.785, 3.04687, 1
21.698, -1.75911, 2.99276, 1
21.7581, -1.73556, 2.93757, 1
21.8182, -1.71497, 2.88125, 1
21.8797, -1.7004, 2.82307, 1
21.9385, -1.6907, 2.76387, 1
22.0025, -1.68565, 2.7041, 1
22.0581, -1.68526, 2.64412, 1
22.118, -1.68954, 2.58429, 1
22.1782, -1.69846, 2.52497, 1
22.2382, -1.71196, 2.46652, 1
22.2981, -1.72995, 2.4093, 1
22.3587, -1.7521, 2.35355, 1
22.4182, -1.77852, 2.2997, 1
22.4786, -1.80899, 2.24803, 1
22.5381, -1.84334, 2.19886, 1
22.5982, -1.88137, 2.15247, 1
22.658, -1.92285, 2.10913, 1
22.7186, -1.96648, 2.06795, 1
22.7774, -2.01161, 2.02842, 1
22.8403, -2.05876, 1.99135, 1
22.9014, -2.10964, 1.95959, 1
22.9619, -2.16296, 1.93211, 1
23.018, -2.21822, 1.90877, 1
23.0785, -2.27509, 1.88968, 1
23.1381, -2.33324, 1.87497, 1
23.1986, -2.39234, 1.86471, 1
23.2581, -2.45203, 1.85873, 1
23.319, -2.51197, 1.85605, 1
23.3782, -2.57195, 1.85438, 1
23.4381, -2.63194, 1.85387, 1
23.498, -2.69194, 1.85415, 1
23.5586, -2.75193, 1.85522, 1
23.6181, -2.81191, 1.85671, 1
23.6789, -2.8719, 1.85788, 1
23.738, -2.93189, 1.85905, 1
23.8004, -2.99184, 1.86146, 1
23.8603, -3.05174, 1.86497, 1
23.9189, -3.11155, 1.8697, 1
23.9784, -3.17121, 1.876, 1
24.0381, -3.23077, 1.88328, 1
24.0993, -3.29028, 1.89092, 1
24.1587, -3.34981, 1.89842, 1
24.2181, -3.40929, 1.90632, 1
24.2786, -3.46874, 1.9144, 1
24.3381, -3.52797, 1.92399, 1
24.3981, -3.58682, 1.93567, 1
24.4581, -3.64518, 1.94959, 1
24.5183, -3.70304, 1.96545, 1
24.5782, -3.76044, 1.98291, 1
24.6381, -3.81769, 2.00088, 1
24.698, -3.87495, 2.0188, 1
24.7594, -3.93227, 2.03655, 1
24.8185, -3.98889, 2.05634, 1
24.8786, -4.04397, 2.08012, 1
24.9387, -4.09724, 2.1077, 1
24.9981, -4.14818, 2.13937, 1
25.058, -4.19725, 2.17389, 1
25.1187, -4.24494, 2.2103, 1
25.1781, -4.29138, 2.24828, 1
25.2384, -4.33508, 2.28935, 1
25.2982, -4.37445, 2.3346, 1
25.3581, -4.4095, 2.38329, 1
25.418, -4.44051, 2.43463, 1
25.4793, -4.46747, 2.48822, 1
25.5381, -4.49076, 2.54351, 1
25.5987, -4.51291, 2.59927, 1
25.6582, -4.53394, 2.65546, 1
25.7188, -4.55297, 2.71236, 1
25.7784, -4.56946, 2.77004, 1
25.8387, -4.58358, 2.82835, 1
25.8998, -4.5948, 2.88729, 1
25.9583, -4.6037, 2.94662, 1
26.0181, -4.612, 3.00604, 1
26.0783, -4.62055, 3.06543, 1
26.1381, -4.62875, 3.12487, 1
26.1982, -4.63601, 3.18443, 1
26.2584, -4.6423, 3.24409, 1
26.318, -4.64761, 3.30386, 1
26.3781, -4.65195, 3.3637, 1
26.4382, -4.65549, 3.42359, 1
26.4981, -4.65895, 3.4835, 1
26.5582, -4.66239, 3.5434, 1
26.6181, -4.66605, 3.60328, 1
26.6784, -4.67057, 3.66311, 1
26.7382, -4.67611, 3.72286, 1
26.799, -4.68211, 3.78256, 1
26.8581, -4.68884, 3.84217, 1
26.9219, -4.69645, 3.90169, 1
26.9799, -4.70414, 3.9612, 1
27.0383, -4.71172, 4.02071, 1
27.0981, -4.7189, 4.08028, 1
27.1582, -4.72556, 4.13991, 1
27.2182, -4.73144, 4.19962, 1
27.2782, -4.73612, 4.25944, 1
27.338, -4.74008, 4.31931, 1
27.3984, -4.7432, 4.37922, 1
27.458, -4.74522, 4.43919, 1
27.5186, -4.74723, 4.49916, 1
27.5781, -4.74951, 4.55911, 1
27.6381, -4.75171, 4.61907, 1
27.6982, -4.75581, 4.67893, 1
27.7587, -4.76201, 4.7386, 1
27.818, -4.77059, 4.79798, 1
27.8788, -4.78102, 4.85707, 1
27.9381, -4.79322, 4.91581, 1
27.9985, -4.80624, 4.97438, 1
28.0581, -4.81922, 5.03296, 1
28.1212, -4.8318, 5.09162, 1
28.1786, -4.84526, 5.15009, 1
28.2381, -4.85991, 5.20828, 1
28.298, -4.87626, 5.266, 1
28.358, -4.89423, 5.32324, 1
28.4181, -4.91387, 5.37994, 1
28.4784, -4.93417, 5.4364, 1
28.538, -4.95506, 5.49265, 1
28.5989, -4.97636, 5.54874, 1
28.6583, -4.99985, 5.60393, 1
28.718, -5.02821, 5.65677, 1
28.7781, -5.06297, 5.70564, 1
28.8384, -5.10206, 5.75114, 1
28.8981, -5.14451, 5.79351, 1
28.9585, -5.19006, 5.83254, 1
29.018, -5.2383, 5.86821, 1
29.0785, -5.28753, 5.90251, 1
29.1381, -5.33799, 5.93495, 1
29.1991, -5.39015, 5.96459, 1
29.2582, -5.44442, 5.99015, 1
29.3204, -5.49989, 6.013, 1
29.3796, -5.55636, 6.03325, 1
29.4401, -5.61347, 6.05164, 1
29.4987, -5.6707, 6.06966, 1
29.5583, -5.72783, 6.08801, 1
29.6182, -5.78569, 6.10383, 1
29.6781, -5.84482, 6.11383, 1
29.738, -5.90472, 6.11679, 1
29.798, -5.96465, 6.1143, 1
29.858, -6.0242, 6.10711, 1
29.9184, -6.08301, 6.09531, 1
29.9781, -6.14073, 6.07897, 1
30.0385, -6.197, 6.05819, 1
30.0982, -6.25157, 6.03328, 1
30.1585, -6.30407, 6.00426, 1
30.2183, -6.35417, 5.97128, 1
30.2785, -6.4016, 5.93455, 1
30.3381, -6.44607, 5.89429, 1
30.3989, -6.48731, 5.85073, 1
30.4582, -6.52509, 5.80414, 1
30.5183, -6.55917, 5.75478, 1
30.5786, -6.58936, 5.70294, 1
30.6381, -6.61549, 5.64895, 1
30.698, -6.63738, 5.5931, 1
30.7581, -6.65493, 5.53574, 1
30.818, -6.66907, 5.47743, 1
30.8786, -6.68314, 5.4191, 1
30.938, -6.69745, 5.36084, 1
30.9986, -6.71206, 5.30264, 1
31.0582, -6.72719, 5.24458, 1
31.118, -6.74187, 5.18641, 1
31.1781, -6.75502, 5.12787, 1
31.2385, -6.76524, 5.06876, 1
31.2981, -6.77242, 5.00919, 1
31.3583, -6.77604, 4.94931, 1
31.4188, -6.77751, 4.88933, 1
31.4799, -6.77736, 4.82933, 1
31.5413, -6.77716, 4.76933, 1
31.5981, -6.77755, 4.70934, 1
31.6581, -6.77791, 4.64934, 1
31.7181, -6.77857, 4.58934, 1
31.7781, -6.77901, 4.52934, 1
31.8381, -6.77941, 4.46934, 1
31.898, -6.78041, 4.40935, 1
31.9581, -6.78151, 4.34936, 1
32.0181, -6.78214, 4.28937, 1
32.0782, -6.783, 4.22937, 1
32.1381, -6.78402, 4.16938, 1
32.1983, -6.78424, 4.10938, 1
32.2581, -6.78492, 4.04939, 1
32.3194, -6.78579, 3.98939, 1
32.3783, -6.78672, 3.9294, 1
32.4413, -6.78723, 3.8694, 1
32.4996, -6.7878, 3.80941, 1
32.5617, -6.78863, 3.74941, 1
32.6207, -6.78913, 3.68942, 1
32.6804, -6.78955, 3.62942, 1
32.7381, -6.79029, 3.56942, 1
32.7984, -6.79098, 3.50943, 1
32.858, -6.79132, 3.44943, 1
32.9182, -6.79203, 3.38943, 1
32.9783, -6.79241, 3.32943, 1
33.038, -6.79281, 3.26944, 1
33.0981, -6.79348, 3.20944, 1
33.1588, -6.79389, 3.14944, 1
33.218, -6.79407, 3.08944, 1
33.2791, -6.79464, 3.02945, 1
33.338, -6.79528, 2.96945, 1
33.3987, -6.79545, 2.90945, 1
33.4582, -6.79585, 2.84945, 1
33.5184, -6.79643, 2.78946, 1
33.5781, -6.79684, 2.72946, 1
33.6399, -6.79698, 2.66946, 1
33.6982, -6.79749, 2.60946, 1
33.7587, -6.79805, 2.54946, 1
33.8181, -6.79802, 2.48946, 1
33.8784, -6.79845, 2.42946, 1
33.9382, -6.79895, 2.36947, 1
33.9981, -6.7985, 2.30947, 1
34.058, -6.79672, 2.2495, 1
34.118, -6.79421, 2.18955, 1
34.1782, -6.79105, 2.12963, 1
34.2384, -6.78668, 2.06979, 1
34.298, -6.78126, 2.01004, 1
34.3582, -6.77571, 1.9503, 1
34.4182, -6.77032, 1.89054, 1
34.4785, -6.76489, 1.83079, 1
34.5381, -6.75918, 1.77106, 1
34.5995, -6.75374, 1.71131, 1
34.6583, -6.74859, 1.65153, 1
34.7197, -6.74266, 1.59182, 1
34.7789, -6.73723, 1.53207, 1
34.8382, -6.73196, 1.4723, 1
34.8981, -6.72591, 1.41261, 1
34.958, -6.72031, 1.35287, 1
35.0181, -6.7149, 1.29311, 1
35.0782, -6.70955, 1.23335, 1
35.138, -6.70427, 1.17359, 1
35.1985, -6.6988, 1.11384, 1
35.2581, -6.69306, 1.05411, 1
35.3185, -6.6877, 0.994351, 1
35.3786, -6.6824, 0.934586, 1
35.4383, -6.67662, 0.874865, 1
35.4981, -6.66911, 0.815356, 1
35.5581, -6.65496, 0.757095, 1
35.6183, -6.63313, 0.701238, 1
35.6788, -6.60649, 0.647493, 1
35.7392, -6.57582, 0.595938, 1
35.7982, -6.54134, 0.546859, 1
35.8582, -6.50322, 0.500537, 1
35.9181, -6.46171, 0.457239, 1
35.9782, -6.41703, 0.417214, 1
36.0381, -6.36944, 0.380694, 1
36.0981, -6.31922, 0.347888, 1
36.1585, -6.26666, 0.318985, 1
36.2181, -6.21206, 0.294141, 1
36.2782, -6.15618, 0.272286, 1
36.3383, -6.10016, 0.250816, 1
36.3983, -6.04397, 0.229763, 1
36.4581, -5.98719, 0.210377, 1
36.5184, -5.92998, 0.192318, 1
36.5782, -5.87232, 0.175722, 1
36.6385, -5.81422, 0.160725, 1
36.6983, -5.75589, 0.146677, 1
36.7584, -5.69751, 0.13286, 1
36.8184, -5.63916, 0.118854, 1
36.8802, -5.58074, 0.105195, 1
36.938, -5.52194, 0.093281, 1
36.9982, -5.46277, 0.0833631, 1
37.0581, -5.40338, 0.0748434, 1
37.1181, -5.34375, 0.0682068, 1
37.1782, -5.28396, 0.0632027, 1
37.2381, -5.22412, 0.0587437, 1
37.2981, -5.1643, 0.054215, 1
37.358, -5.10447, 0.0495784, 1
37.4181, -5.04465, 0.0450056, 1
37.4783, -4.98485, 0.0401511, 1
37.5381, -4.92503, 0.0354398, 1
37.5983, -4.8652, 0.0308997, 1
37.6581, -4.80536, 0.026532, 1
37.7197, -4.74551, 0.0223369, 1
37.7795, -4.68565, 0.0183143, 1
37.8421, -4.62577, 0.0144643, 1
37.8982, -4.56588, 0.010787, 1
37.9581, -4.50598, 0.00728234, 1
38.018, -4.44608, 0.0038194, 1
38.0783, -4.38623, -0.000354542, 1
38.138, -4.32639, -0.00479593, 1
38.1983, -4.26653, -0.0088591, 1
38.2582, -4.20665, -0.0126198, 1
38.3181, -4.1468, -0.0168344, 1
38.3782, -4.08691, -0.0203884, 1
38.4385, -4.027, -0.0237225, 1
38.498, -3.96708, -0.0269057, 1
38.5585, -3.9072, -0.0305639, 1
38.6181, -3.84728, -0.0336532, 1
38.6786, -3.78734, -0.0365265, 1
38.7386, -3.72741, -0.0394077, 1
38.7981, -3.66751, -0.0428804, 1
38.8581, -3.60758, -0.0456919, 1
38.9198, -3.54765, -0.0486511, 1
38.9788, -3.48775, -0.0521052, 1
39.0402, -3.42782, -0.0548607, 1
39.0983, -3.36787, -0.0573613, 1
39.1582, -3.30793, -0.0600867, 1
39.2181, -3.24799, -0.0626855, 1
39.2784, -3.18804, -0.0650308, 1
39.3381, -3.12811, -0.067968, 1
39.398, -3.06815, -0.0702602, 1
39.4581, -3.0082, -0.072701, 1
39.5181, -2.94828, -0.075764, 1
39.5781, -2.88836, -0.0789234, 1
39.6387, -2.82843, -0.081651, 1
39.6982, -2.76852, -0.0849577, 1
39.7587, -2.70862, -0.0884809, 1
39.818, -2.6487, -0.0916233, 1
39.879, -2.58878, -0.094703, 1
39.938, -2.52887, -0.0979476, 1
39.9992, -2.46894, -0.100716, 1
40.0594, -2.40903, -0.104057, 1
40.1219, -2.34909, -0.106753, 1
40.1783, -2.28918, -0.109948, 1
40.2387, -2.22925, -0.112797, 1
40.2981, -2.1693, -0.115374, 1
40.358, -2.10939, -0.118668, 1
40.418, -2.04946, -0.121466, 1
40.4783, -1.98952, -0.12426, 1
40.5381, -1.9296, -0.127349, 1
40.5982, -1.86966, -0.129982, 1
40.6582, -1.80975, -0.133169, 1
40.7185, -1.7498, -0.135692, 1
40.7782, -1.68988, -0.138714, 1
40.8381, -1.62995, -0.141741, 1
40.8981, -1.57001, -0.14428, 1
40.9581, -1.5101, -0.147518, 1
41.018, -1.45016, -0.150259, 1
41.0803, -1.39021, -0.152594, 1
41.1393, -1.33024, -0.154745, 1
41.2008, -1.27028, -0.156723, 1
41.2583, -1.2103, -0.158529, 1
41.3184, -1.15033, -0.160161, 1
41.3781, -1.09034, -0.161621, 1
41.4385, -1.03036, -0.163035, 1
41.498, -0.970399, -0.165177, 1
41.5582, -0.910433, -0.167174, 1
41.6181, -0.850472, -0.169301, 1
41.6784, -0.790524, -0.171809, 1
41.7382, -0.730585, -0.174499, 1
41.8, -0.670653, -0.177362, 1
41.8581, -0.610712, -0.179997, 1
41.9191, -0.550761, -0.182407, 1
41.9783, -0.49083, -0.185286, 1
42.0382, -0.43087, -0.187466, 1
42.0982, -0.370931, -0.190142, 1
42.1612, -0.31098, -0.192571, 1
42.2181, -0.251027, -0.194932, 1
42.2811, -0.191208, -0.199484, 1
42.3385, -0.131481, -0.205196, 1
42.3984, -0.0717493, -0.210864, 1
42.458, -0.0120244, -0.216598, 1
42.5181, 0.0477698, -0.221552, 1
42.5782, 0.107676, -0.224734, 1
42.6384, 0.167665, -0.225868, 1
42.698, 0.227657, -0.226809, 1
42.7582, 0.287646, -0.227937, 1
42.8181, 0.347627, -0.229459, 1
42.8784, 0.407599, -0.23126, 1
42.9381, 0.46755, -0.233689, 1
42.9982, 0.527492, -0.23632, 1
43.0582, 0.587426, -0.239125, 1
43.1202, 0.647352, -0.242104, 1
43.1783, 0.707275, -0.245127, 1
43.2391, 0.767231, -0.247423, 1
43.2985, 0.827166, -0.250215, 1
43.3585, 0.887115, -0.252661, 1
43.4182, 0.94708, -0.254708, 1
