-0.597353,-0.036032,0.314252
-0.600027,-0.031666,0.315208
-0.595415,-0.036172,0.435928
-0.59847,-0.032804,0.483352
-0.596651,-0.029221,0.654852
-0.593454,-0.025263,0.933172
-0.581895,-0.024376,1.057244
-0.575769,-0.032489,1.426588
-0.551913,-0.030774,1.981316
-0.514118,-0.028356,2.125508
-0.473122,-0.037458,2.226108
-0.440252,-0.030943,2.252936
-0.41014,-0.033556,2.287424
-0.39426,-0.036655,2.30946
-0.374829,-0.033576,2.316168
-0.370898,-0.037162,2.315208
-0.362115,-0.041129,2.314732
-0.327088,-0.040826,2.331016
-0.281166,-0.040135,2.316648
-0.27032,-0.040827,2.348744
-0.253408,-0.045126,2.355448
-0.248234,-0.047202,2.331976
-0.179799,-0.054119,2.355928
-0.13073,-0.055999,2.318084
-0.097111,-0.05607,2.315688
-0.075998,-0.065396,2.351616
-0.00525,-0.058904,2.357364
0.033722,-0.052259,2.356888
0.043359,-0.050544,2.323832
0.057645,-0.046961,2.318564
0.071242,-0.046269,2.337244
0.123844,-0.036991,2.3291
0.171259,-0.033857,2.317604
0.183956,-0.033956,2.336288
0.197591,-0.033188,2.348744
0.209337,-0.037724,2.333412
0.212978,-0.037354,2.341076
0.222046,-0.037195,2.3406
0.239276,-0.036074,2.3497
0.309651,-0.025954,2.326708
0.355419,-0.018227,2.314732
0.408937,-0.011264,2.345868
0.469757,0.000424,2.336288
0.516735,0.008757,2.33054
0.541725,0.014439,2.364552
0.572647,0.022278,2.331976
0.593919,0.022462,2.348264
0.606693,0.025745,2.337724
0.620355,0.032518,2.328144
0.66991,0.033225,2.33916
0.707589,0.031345,2.342516
0.731456,0.032661,2.338204
0.75069,0.034362,2.331496
0.765933,0.031113,2.345868
0.780089,0.031758,2.33964
0.804746,0.035608,2.33054
0.813596,0.036824,2.342516
0.819499,0.039022,2.313292
0.832103,0.042474,2.343472
0.837645,0.044499,2.3406
0.861098,0.043551,2.365988
0.874761,0.045718,2.33916
0.896791,0.048041,2.345388
0.935007,0.050987,2.37078
0.979912,0.046763,2.353532
1.012479,0.045152,2.335328
1.007857,0.045469,2.358324
1.023973,0.04694,2.353052
1.041777,0.043664,2.342996
1.074669,0.045769,2.32096
1.108874,0.043759,2.322876
1.145432,0.040418,2.3497
1.172299,0.03597,2.333412
1.216899,0.033095,2.318084
1.2548,0.030274,2.333892
1.282923,0.030266,2.358324
1.311702,0.030429,2.346828
1.328845,0.028994,2.367904
1.370433,0.027498,2.3291
1.406552,0.026585,2.344912
1.428313,0.023177,2.31952
1.467451,0.021785,2.33006
1.484972,0.016139,2.321916
1.515596,0.014919,2.327664
1.557975,0.016203,2.3497
1.567748,0.017533,2.337724
1.610432,0.018441,2.338684
1.62796,0.017613,2.3406
1.656964,0.016824,2.327664
1.679747,0.013035,2.377004
1.732819,0.011036,2.358324
1.754712,0.01424,2.35018
1.788799,0.010904,2.357844
1.850177,0.008065,2.357364
1.897864,0.001682,2.376528
1.926216,-0.005521,2.36072
1.983789,-0.005371,2.341076
1.997372,-0.010485,2.37988
2.029107,-0.007208,2.337244
2.065895,-0.007672,2.352096
2.087398,-0.006004,2.372696
2.125358,-0.010057,2.3703
2.141839,-0.015763,2.341076
2.15048,-0.016902,2.327664
2.171676,-0.01815,2.373172
2.229932,-0.02018,2.34012
2.275625,-0.02848,2.34012
2.325694,-0.031171,2.355448
2.328205,-0.033212,2.335808
2.363094,-0.035504,2.35018
2.394533,-0.038468,2.327184
2.488046,-0.04045,2.33964
2.531679,-0.03942,2.367424
2.573069,-0.041801,2.338684
2.608499,-0.047264,2.353052
2.638226,-0.043801,2.342036
2.645968,-0.045751,2.316648
2.656762,-0.046422,2.332456
2.695426,-0.048352,2.335328
2.710017,-0.051092,2.366948
2.750447,-0.057817,2.367424
2.766961,-0.056162,2.343472
2.795121,-0.053715,2.341076
2.797326,-0.053639,2.357844
2.824356,-0.054797,2.343472
2.870387,-0.057094,2.364552
2.893752,-0.06374,2.346348
2.913329,-0.060808,2.373172
2.940905,-0.062084,2.353052
3.017019,-0.065515,2.328624
3.07966,-0.068879,2.326228
3.139702,-0.073259,2.334852
3.182783,-0.075505,2.338204
3.2464,-0.075209,2.328624
3.294585,-0.076381,2.338684
3.309137,-0.07734,2.338684
3.312942,-0.074278,2.314732
3.330681,-0.076749,2.361676
3.378862,-0.077817,2.337724
3.39924,-0.082195,2.341076
3.419427,-0.085334,2.343472
3.427723,-0.087522,2.332936
3.438359,-0.086639,2.3406
3.463387,-0.088927,2.358804
3.482799,-0.089158,2.371736
3.496781,-0.092521,2.325748
3.495882,-0.090092,2.332936
3.530674,-0.089864,2.352096
3.568264,-0.0926,2.355928
3.590726,-0.092955,2.344912
3.60527,-0.091268,2.32958
3.635301,-0.097587,2.342036
3.711763,-0.099188,2.333412
3.742469,-0.103739,2.336288
3.787441,-0.103651,2.333892
3.82429,-0.105988,2.33964
3.862877,-0.104901,2.354492
3.943563,-0.106496,2.354492
3.982617,-0.10682,2.381796
4.005657,-0.10879,2.355928
4.026671,-0.110181,2.332456
4.055943,-0.108909,2.342036
4.094113,-0.108051,2.371736
4.116103,-0.110223,2.363592
4.147539,-0.113289,2.37988
4.162472,-0.110223,2.358324
4.172306,-0.11416,2.371736
4.194049,-0.119096,2.366948
4.207283,-0.118968,2.35928
4.228065,-0.116036,2.358804
4.243896,-0.116202,2.33916
4.257014,-0.118692,2.346348
4.308219,-0.119298,2.354012
4.351235,-0.119276,2.367424
4.378149,-0.12045,2.347304
4.406369,-0.118756,2.354012
4.431551,-0.120466,2.344912
4.457065,-0.117733,2.335328
4.476888,-0.11739,2.344432
4.494088,-0.116094,2.327184
4.520793,-0.115277,2.338684
4.547699,-0.117675,2.327184
4.557421,-0.118363,2.356888
4.566001,-0.117081,2.341556
4.578297,-0.122351,2.32958
4.581667,-0.122331,2.358804
4.60029,-0.11928,2.335808
4.606733,-0.120653,2.36072
4.651403,-0.118981,2.336768
4.708276,-0.11945,2.331016
4.7659,-0.120664,2.337244
4.79062,-0.120545,2.331976
4.821906,-0.116956,2.34922
4.833168,-0.121387,2.31952
4.848033,-0.122037,2.352576
4.876278,-0.12232,2.346828
4.892984,-0.119779,2.323832
4.913899,-0.121464,2.341076
4.927749,-0.12493,2.323352
4.968206,-0.126406,2.343472
5.021789,-0.123138,2.36934
5.049216,-0.120809,2.345868
5.075236,-0.122861,2.335328
5.097118,-0.122953,2.338204
5.113226,-0.120766,2.342036
5.141061,-0.120482,2.32958
5.152953,-0.123094,2.334372
5.175708,-0.126835,2.315688
5.193595,-0.127632,2.328624
5.205192,-0.129177,2.338204
5.211959,-0.131912,2.334852
5.272551,-0.131323,2.332456
5.307241,-0.132155,2.352096
5.335559,-0.13442,2.371256
5.366403,-0.137266,2.354492
5.405363,-0.139129,2.35976
5.425279,-0.138237,2.334852
5.444312,-0.137136,2.352096
5.454977,-0.136113,2.344432
5.47149,-0.134602,2.336768
5.513211,-0.135882,2.362636
5.546966,-0.134077,2.365508
5.559581,-0.13362,2.335808
5.585418,-0.13145,2.362156
5.596866,-0.129062,2.36982
5.712913,-0.12426,2.343952
5.755365,-0.117817,2.368384
5.836648,-0.109128,2.334372
5.876177,-0.107282,2.342036
5.917275,-0.105836,2.373172
5.96444,-0.106492,2.364072
6.01059,-0.105326,2.363112
6.0523,-0.100583,2.374132
6.076876,-0.097057,2.342996
6.111892,-0.095985,2.35066
6.134384,-0.101829,2.348264
6.223673,-0.106756,2.3406
6.251248,-0.108578,2.333892
6.279126,-0.107563,2.32048
6.306463,-0.111569,2.328144
6.333688,-0.112854,2.316168
6.342542,-0.112831,2.337244
6.346147,-0.115132,2.321436
6.364048,-0.120955,2.303712
6.384134,-0.126039,2.342996
6.429213,-0.136177,2.322396
6.426471,-0.14211,2.342996
6.430618,-0.150043,2.353532
6.439144,-0.151228,2.321436
6.448586,-0.156159,2.353532
6.461213,-0.161719,2.338204
6.466122,-0.167593,2.36982
6.512222,-0.168298,2.352576
6.558977,-0.167834,2.35928
6.583703,-0.175779,2.342996
6.612192,-0.183161,2.3406
6.628832,-0.186693,2.332456
6.646606,-0.187494,2.337724
6.674215,-0.196563,2.371256
6.696358,-0.208732,2.324792
6.698142,-0.214632,2.345868
6.702526,-0.220323,2.318084
6.697474,-0.224197,2.361196
6.703013,-0.228814,2.331496
6.715755,-0.239916,2.353532
6.721204,-0.249359,2.346348
6.746555,-0.254804,2.348744
6.780039,-0.258641,2.325268
6.804188,-0.266256,2.342996
6.817011,-0.276826,2.322876
6.838981,-0.287642,2.315208
6.860135,-0.296906,2.328624
6.882078,-0.311262,2.327184
6.90548,-0.328843,2.326708
6.923751,-0.340508,2.293172
6.942747,-0.350847,2.341076
6.946884,-0.361241,2.306108
6.957435,-0.373642,2.343472
6.977804,-0.386862,2.33964
6.997202,-0.399939,2.313772
7.019218,-0.417614,2.345388
7.019994,-0.428639,2.318564
7.047017,-0.4443,2.341076
7.079596,-0.466187,2.347304
7.105889,-0.485154,2.31042
7.135736,-0.505456,2.342036
7.173996,-0.541962,2.33964
7.191552,-0.55647,2.326708
7.205102,-0.599471,2.306588
7.257412,-0.637733,2.325268
7.235037,-0.659023,2.343952
7.305422,-0.695832,2.334372
7.293405,-0.724316,2.341556
7.322019,-0.753929,2.361676
7.371358,-0.7942,2.354012
7.396265,-0.817295,2.371736
7.400043,-0.856263,2.341556
7.417714,-0.891514,2.376528
7.433649,-0.924566,2.333412
7.40549,-0.943814,2.384192
7.398215,-0.946876,2.373172
7.414278,-0.968961,2.386108
7.421669,-1.008026,2.368384
7.44749,-1.049419,2.3703
7.44387,-1.085545,2.378924
7.465539,-1.116758,2.341076
7.443276,-1.147484,2.35018
7.462154,-1.210056,2.373652
7.480302,-1.234328,2.382756
7.485684,-1.241831,2.364552
7.484479,-1.269303,2.353052
7.479787,-1.274439,2.368384
7.498682,-1.323313,2.351616
7.491366,-1.359383,2.358324
7.506563,-1.391093,2.335328
7.50476,-1.438732,2.358324
7.481129,-1.534059,2.323832
7.457182,-1.592291,2.314732
7.463999,-1.656028,2.315208
7.475935,-1.689502,2.341556
7.484109,-1.714724,2.355448
7.480284,-1.712758,2.343472
7.503335,-1.727541,2.366468
7.536183,-1.742954,2.338684
7.555423,-1.756318,2.324792
7.544196,-1.783393,2.335808
7.510595,-1.814606,2.355448
7.522845,-1.829982,2.335808
7.554184,-1.848602,2.345868
7.579067,-1.866387,2.31904
7.58259,-1.887746,2.29078
7.586342,-1.894029,2.311856
7.590379,-1.899022,2.26922
7.594013,-1.928192,2.301316
7.578747,-1.947995,2.348264
7.566417,-1.973183,2.348264
7.566055,-1.995697,2.393772
7.539982,-2.047888,2.368384
7.533685,-2.07448,2.405748
7.534192,-2.148223,2.40048
7.532679,-2.19639,2.416288
7.553083,-2.221143,2.428264
7.547925,-2.252962,2.515448
7.542116,-2.290962,2.513532
7.547177,-2.341662,2.491496
7.566501,-2.389537,2.438804
7.57509,-2.396576,2.445508
7.573126,-2.428499,2.425388
7.561875,-2.432916,2.414372
7.565342,-2.469717,2.412936
7.563396,-2.514702,2.396648
7.557259,-2.526943,2.381796
7.555919,-2.530344,2.411016
7.573506,-2.570849,2.378924
7.582496,-2.604539,2.394252
7.570472,-2.63571,2.366468
7.586604,-2.666912,2.365988
7.589354,-2.701267,2.373172
7.595372,-2.737868,2.368864
7.589592,-2.779939,2.377484
7.599806,-2.798908,2.377964
7.609782,-2.813056,2.371256
7.594079,-2.862812,2.391376
7.585402,-2.893486,2.372696
7.582703,-2.916342,2.361196
7.581942,-2.964918,2.393292
7.567124,-3.014477,2.396648
7.576158,-3.087694,2.377004
7.576193,-3.112213,2.403352
7.578991,-3.137288,2.39904
7.577384,-3.154856,2.386108
7.56395,-3.179574,2.384672
7.553436,-3.195212,2.3794
7.551825,-3.212476,2.374132
7.553781,-3.227111,2.374132
7.55948,-3.249445,2.36024
7.574854,-3.272737,2.382276
7.578308,-3.301654,2.386588
7.583932,-3.313437,2.38994
7.591973,-3.329517,2.376048
7.574368,-3.349829,2.397124
7.566054,-3.370996,2.382276
7.562773,-3.393735,2.376528
7.57155,-3.413533,2.393292
7.568079,-3.434598,2.378924
7.560631,-3.458778,2.371256
7.56162,-3.479568,2.385148
7.562328,-3.492253,2.381316
7.56127,-3.526404,2.367424
7.552396,-3.558388,2.351616
7.542429,-3.596504,2.374132
7.53837,-3.608517,2.387544
7.536219,-3.628497,2.373652
7.534685,-3.649902,2.376048
7.536733,-3.668479,2.3794
7.539717,-3.674198,2.3909
7.536122,-3.67719,2.377964
7.533768,-3.683234,2.393292
7.537179,-3.696537,2.374612
7.535038,-3.707053,2.41006
7.529286,-3.73439,2.398084
7.522775,-3.751385,2.371256
7.514927,-3.767952,2.39952
7.504474,-3.793428,2.375568
7.506567,-3.829833,2.373172
7.500644,-3.841121,2.38994
7.487589,-3.91412,2.371736
7.482072,-3.970641,2.387064
7.477838,-4.00145,2.388984
7.476967,-4.03976,2.361196
7.478058,-4.068868,2.374132
7.484692,-4.078642,2.401436
7.482784,-4.100142,2.372696
7.487177,-4.131109,2.378444
7.485158,-4.161824,2.385148
7.476349,-4.1811,2.375088
7.477007,-4.191823,2.368864
7.479048,-4.20662,2.376048
7.481394,-4.234886,2.35976
7.479464,-4.262469,2.371736
7.475178,-4.279219,2.373652
7.470636,-4.299973,2.371256
7.473078,-4.309072,2.385628
7.462442,-4.344261,2.375088
7.462708,-4.364599,2.391376
7.466471,-4.392801,2.38036
7.467568,-4.420944,2.372696
7.471933,-4.439391,2.364552
7.468711,-4.4628,2.3909
7.468973,-4.487323,2.367904
7.465359,-4.501524,2.3703
7.461588,-4.523129,2.373172
7.454062,-4.531986,2.358324
7.450017,-4.572762,2.376048
7.445595,-4.592625,2.378444
7.449964,-4.603674,2.355448
7.441805,-4.637264,2.381796
7.439228,-4.65519,2.363592
7.444335,-4.691081,2.366468
7.444846,-4.716369,2.352096
7.44307,-4.763917,2.39042
7.447158,-4.785635,2.386108
7.443631,-4.80929,2.382756
7.441178,-4.851756,2.394252
7.432475,-4.88397,2.383232
7.437091,-4.895076,2.371256
7.433844,-4.925488,2.376048
7.430717,-4.965244,2.386108
7.422604,-4.99101,2.388024
7.415008,-5.02512,2.378444
7.406971,-5.081431,2.365988
7.408313,-5.117164,2.372216
7.398698,-5.142798,2.374132
7.400391,-5.17432,2.382276
7.401052,-5.19037,2.412456
7.3926,-5.201084,2.383232
7.387509,-5.220761,2.394732
7.386783,-5.244229,2.374132
7.387917,-5.275873,2.388024
7.389123,-5.299426,2.378924
7.383869,-5.327324,2.371256
7.383286,-5.34114,2.401436
7.382007,-5.369931,2.401436
7.375848,-5.420694,2.398084
7.371954,-5.440257,2.36982
7.367694,-5.462498,2.388024
7.370815,-5.490797,2.36982
7.367601,-5.517783,2.372216
7.356465,-5.565129,2.347784
7.348662,-5.582057,2.398084
7.336215,-5.600163,2.385628
7.338211,-5.617279,2.373172
7.342351,-5.640449,2.368864
7.336531,-5.653704,2.384672
7.333508,-5.675862,2.395688
7.33486,-5.684888,2.368384
7.337707,-5.717513,2.383232
7.337835,-5.737668,2.38946
7.336754,-5.759959,2.375088
7.336796,-5.780385,2.386108
7.338089,-5.786689,2.396168
7.334376,-5.804145,2.39904
7.333542,-5.817019,2.383232
7.330762,-5.8274,2.372696
7.327957,-5.845518,2.402396
7.327886,-5.863646,2.387064
7.329536,-5.873061,2.35928
7.337514,-5.891373,2.3794
7.341645,-5.955702,2.385148
7.351251,-5.993652,2.396168
7.349124,-6.03989,2.382756
7.343841,-6.048373,2.392336
7.340189,-6.07499,2.404792
7.342793,-6.102386,2.405748
7.340363,-6.138489,2.414372
7.341825,-6.153782,2.391376
7.341288,-6.182887,2.40958
7.339775,-6.205511,2.414852
7.346724,-6.231077,2.38946
7.345998,-6.266167,2.391376
7.34156,-6.308933,2.381316
7.342972,-6.346233,2.385628
7.338292,-6.380985,2.37988
7.34131,-6.40562,2.367424
7.3411,-6.441881,2.357844
7.337566,-6.451151,2.353532
7.340242,-6.470824,2.35066
7.335677,-6.490187,2.367904
7.335817,-6.506679,2.378444
7.332281,-6.545219,2.385628
7.332708,-6.587291,2.354012
7.324665,-6.615989,2.377964
7.318448,-6.631272,2.35066
7.318395,-6.670444,2.366468
7.317115,-6.682943,2.33964
7.317101,-6.697445,2.367424
7.314498,-6.709215,2.351136
7.319806,-6.715101,2.33916
7.321965,-6.742909,2.3497
7.328152,-6.763728,2.368864
7.334443,-6.772391,2.345868
7.331454,-6.778915,2.376048
7.329311,-6.793854,2.362156
7.32406,-6.822103,2.362636
7.316128,-6.838172,2.343952
7.318181,-6.885262,2.355928
7.319285,-6.903068,2.374612
7.31306,-6.923075,2.382756
7.306302,-6.951676,2.388504
7.29911,-6.959906,2.391376
7.291833,-6.964331,2.362156
7.29233,-6.981008,2.381316
7.291813,-6.999391,2.384672
7.290973,-7.024838,2.376528
7.283832,-7.055852,2.371736
7.285519,-7.079383,2.363112
7.284221,-7.102023,2.357364
7.278866,-7.115473,2.38994
7.273691,-7.143357,2.36982
7.27191,-7.159066,2.37078
7.270672,-7.183705,2.37988
7.269883,-7.213024,2.361676
7.269517,-7.223981,2.3497
7.265575,-7.244821,2.367424
7.261629,-7.27128,2.366468
7.255931,-7.310654,2.383712
7.251586,-7.325409,2.383712
7.251664,-7.354164,2.397604
7.24861,-7.371917,2.403832
7.245089,-7.404713,2.402396
7.242876,-7.433503,2.381796
7.23476,-7.481171,2.381796
7.225219,-7.537372,2.377004
7.219235,-7.583403,2.383232
7.216296,-7.610308,2.397124
7.208796,-7.664656,2.403832
7.202736,-7.682339,2.38994
7.201206,-7.717326,2.394732
7.199532,-7.728547,2.403832
7.187231,-7.801336,2.384672
7.177642,-7.852979,2.396648
7.170983,-7.881637,2.377004
7.167615,-7.899195,2.366468
7.162207,-7.912819,2.38036
7.150936,-7.959533,2.381316
7.144322,-7.986165,2.3794
7.13902,-8.01407,2.39952
7.135262,-8.060633,2.3703
7.123774,-8.133477,2.37078
7.118579,-8.18261,2.398564
7.109354,-8.233953,2.387544
7.10847,-8.254314,2.39042
7.095066,-8.276895,2.388984
7.081288,-8.293308,2.365508
7.07241,-8.315662,2.377484
7.064428,-8.32297,2.392816
7.05738,-8.327052,2.373172
7.052454,-8.37184,2.387064
7.046866,-8.416928,2.36934
7.04681,-8.428554,2.3794
7.046995,-8.440154,2.386108
7.044363,-8.462689,2.361676
7.041703,-8.487332,2.36072
7.037599,-8.506161,2.351616
7.034614,-8.526295,2.362156
7.032581,-8.549796,2.3406
7.026739,-8.578234,2.358324
7.021706,-8.598995,2.35928
7.023606,-8.629573,2.36072
7.024006,-8.635425,2.375568
7.021248,-8.667258,2.3794
7.016449,-8.690297,2.386588
7.015668,-8.719971,2.375088
7.001075,-8.77739,2.362156
6.996068,-8.796379,2.378444
6.990839,-8.806785,2.3497
6.985804,-8.819612,2.354492
6.984164,-8.836317,2.356408
6.982597,-8.85094,2.373172
6.981548,-8.857762,2.348744
6.977509,-8.895045,2.35976
6.979236,-8.91575,2.383712
6.976308,-8.942866,2.374132
6.967285,-8.967798,2.354012
6.968276,-8.986192,2.371256
6.965786,-9.002685,2.363592
6.960786,-9.028376,2.351136
6.967956,-9.039759,2.365988
6.96432,-9.067281,2.3703
6.959039,-9.076349,2.353052
6.948746,-9.101889,2.348744
6.951965,-9.117085,2.36024
6.947313,-9.140598,2.373172
6.946155,-9.158025,2.353052
6.940074,-9.18692,2.368864
6.935418,-9.202672,2.334372
6.928767,-9.227007,2.382756
6.927772,-9.252657,2.3291
6.919873,-9.301297,2.344432
6.916401,-9.337273,2.361676
6.915915,-9.377234,2.356408
6.919526,-9.39993,2.347304
6.917571,-9.441573,2.337724
6.915914,-9.455619,2.377964
6.907805,-9.490341,2.352096
6.907281,-9.507076,2.372216
6.908284,-9.5299,2.36072
6.901665,-9.558321,2.358324
6.898452,-9.568427,2.35928
6.893845,-9.651758,2.363592
6.894824,-9.672097,2.371736
6.895637,-9.709122,2.355448
6.892602,-9.749857,2.364552
6.885576,-9.76024,2.362156
6.882181,-9.771835,2.358804
6.877314,-9.78566,2.347304
6.876432,-9.793273,2.372696
6.878161,-9.834116,2.368384
6.874803,-9.8763,2.347304
6.879445,-9.928231,2.337724
6.876846,-9.991269,2.353532
6.873114,-10.036776,2.37988
6.865073,-10.06666,2.377004
6.858947,-10.100293,2.357364
6.857628,-10.13014,2.35066
6.858154,-10.184096,2.38036
6.855062,-10.214134,2.361196
6.846337,-10.2601,2.383712
6.846877,-10.299736,2.387064
6.843595,-10.365138,2.362636
6.834524,-10.40432,2.35976
6.83169,-10.432706,2.357364
6.834261,-10.455542,2.374612
6.828741,-10.478941,2.36072
6.821967,-10.517084,2.371256
6.823932,-10.532249,2.36934
6.820474,-10.584382,2.377964
6.817655,-10.615119,2.364552
6.816349,-10.621743,2.365988
6.811951,-10.632567,2.361196
6.808985,-10.663802,2.378924
6.810991,-10.678162,2.373172
6.818161,-10.687487,2.371736
6.82087,-10.710409,2.361196
6.81637,-10.730693,2.375088
6.809057,-10.742248,2.377964
6.806339,-10.765086,2.377484
6.805202,-10.780863,2.363592
6.805764,-10.810657,2.371256
6.808379,-10.822298,2.38084
6.808762,-10.845298,2.381796
6.806797,-10.862263,2.371736
6.807524,-10.878976,2.362156
6.804209,-10.899181,2.374132
6.802758,-10.909211,2.377004
6.802066,-10.916672,2.363592
6.802036,-10.965992,2.385628
6.802458,-10.990434,2.372696
6.802895,-11.043862,2.371256
6.807213,-11.055053,2.363592
6.809686,-11.093397,2.366948
6.810141,-11.124674,2.3703
6.812872,-11.147194,2.351616
6.817802,-11.21327,2.357844
6.812318,-11.269974,2.36982
6.812747,-11.297776,2.384672
6.807234,-11.348231,2.368384
6.79242,-11.37507,2.348744
6.78374,-11.403847,2.365508
6.778585,-11.449825,2.343952
6.776137,-11.480278,2.365988
6.777481,-11.484887,2.343952
6.779005,-11.513943,2.343472
6.781271,-11.534414,2.364552
6.790506,-11.569294,2.348744
6.771841,-11.621661,2.352576
6.765252,-11.683173,2.34922
6.766414,-11.718174,2.381316
6.773315,-11.765627,2.3794
6.774199,-11.821123,2.377964
6.771344,-11.847184,2.374612
6.766588,-11.876776,2.36024
6.765892,-11.896036,2.386108
6.768265,-11.940072,2.361676
6.768843,-11.94458,2.381796
6.743517,-11.983003,2.353052
6.734989,-12.002811,2.362636
6.731029,-12.017174,2.371736
6.73233,-12.047311,2.365988
6.736399,-12.07108,2.388504
6.740118,-12.080506,2.343472
6.736593,-12.10299,2.371736
6.729197,-12.108732,2.35018
6.735329,-12.108579,2.377004
6.731528,-12.133846,2.357364
6.741364,-12.138299,2.34922
6.737682,-12.152098,2.361676
6.725116,-12.163432,2.356408
6.716285,-12.163263,2.37078
6.711389,-12.174419,2.3703
6.713655,-12.215184,2.356888
6.714798,-12.231045,2.355448
6.720315,-12.254554,2.365508
6.718097,-12.278379,2.3794
6.71997,-12.291477,2.357844
6.724742,-12.314923,2.373652
6.724026,-12.321105,2.346348
6.708691,-12.344225,2.354972
6.695036,-12.374496,2.368384
6.691475,-12.385385,2.375568
6.690139,-12.403158,2.38036
6.693143,-12.41257,2.348264
6.692536,-12.429991,2.361676
6.693181,-12.463532,2.391376
6.692476,-12.493108,2.376528
6.708652,-12.529977,2.365028
6.717277,-12.565528,2.367424
6.711746,-12.59637,2.364552
6.699787,-12.617564,2.36934
6.697357,-12.647271,2.374612
6.685392,-12.671361,2.365988
6.695899,-12.70732,2.362156
6.701511,-12.75957,2.36934
6.70106,-12.775944,2.34922
6.706106,-12.788538,2.366468
6.696881,-12.80945,2.346348
6.686971,-12.829458,2.363112
6.675247,-12.850303,2.357364
6.670681,-12.855974,2.375088
6.665742,-12.862331,2.3406
6.668994,-12.871203,2.37078
6.664278,-12.916218,2.347304
6.660301,-12.975219,2.342996
6.656709,-13.011167,2.358804
6.650588,-13.071104,2.351616
6.639764,-13.100888,2.353532
6.62775,-13.116577,2.31952
6.62199,-13.127494,2.346828
6.624374,-13.154223,2.336288
6.621672,-13.206326,2.355928
6.621088,-13.230373,2.35976
6.611167,-13.240727,2.363112
6.610432,-13.259496,2.36934
6.613414,-13.270434,2.37988
6.606935,-13.29999,2.346348
6.605456,-13.324114,2.363592
6.593828,-13.367594,2.372696
6.603734,-13.390427,2.342516
6.590158,-13.416938,2.34922
6.584361,-13.440419,2.342036
6.584606,-13.48085,2.362156
6.578544,-13.526172,2.33054
6.577235,-13.595653,2.354972
6.571585,-13.613146,2.324792
6.558317,-13.639345,2.341076
6.555113,-13.646439,2.331016
6.560594,-13.671009,2.368864
6.556401,-13.682174,2.341556
6.555363,-13.7135,2.35066
6.545123,-13.728768,2.358324
6.553769,-13.753612,2.326228
6.564868,-13.782853,2.342036
6.562998,-13.792505,2.34922
6.552122,-13.808262,2.358324
6.537637,-13.826481,2.363112
6.522631,-13.855292,2.364072
6.532066,-13.887101,2.363112
6.533539,-13.907527,2.3406
6.525893,-13.92737,2.37988
6.527392,-13.937082,2.368384
6.509193,-13.962602,2.347304
6.494199,-13.991425,2.3497
6.520174,-14.025404,2.357844
6.541409,-14.063428,2.371256
6.528803,-14.073883,2.353532
6.523259,-14.092894,2.354012
6.52723,-14.100917,2.373652
6.515584,-14.116601,2.38946
6.504878,-14.129406,2.397124
6.531059,-14.144564,2.36072
6.536642,-14.178029,2.371736
6.541601,-14.199736,2.383712
6.544724,-14.238205,2.393292
6.550761,-14.264442,2.38994
6.541078,-14.315689,2.387064
6.542859,-14.341276,2.36934
6.538076,-14.376988,2.388504
6.534627,-14.405793,2.38946
6.529211,-14.42989,2.364072
6.527269,-14.4548,2.383712
6.520259,-14.455111,2.365988
6.515258,-14.462493,2.406228
6.513869,-14.477856,2.387544
6.511862,-14.484827,2.362636
6.506249,-14.490954,2.388024
6.496736,-14.506719,2.365028
6.497268,-14.508615,2.35928
6.492438,-14.527646,2.346828
6.486083,-14.548296,2.367424
6.47288,-14.567575,2.342036
6.46503,-14.593965,2.364072
6.464279,-14.618369,2.334372
6.458136,-14.635239,2.35928
6.461205,-14.651778,2.347304
6.454784,-14.669604,2.365988
6.445765,-14.675618,2.343472
6.448837,-14.696251,2.3406
6.455982,-14.724946,2.33916
6.448927,-14.737395,2.354492
6.445158,-14.775047,2.352096
6.445923,-14.811277,2.362636
6.436542,-14.835739,2.347304
6.430741,-14.86128,2.332456
6.43072,-14.876156,2.367904
6.426603,-14.899044,2.346348
6.422396,-14.924257,2.36072
6.418815,-14.942631,2.351136
6.420827,-14.961843,2.352576
6.422437,-14.97623,2.356888
6.418831,-14.999615,2.347304
6.418124,-15.026152,2.361196
6.415409,-15.051991,2.377004
6.413653,-15.088175,2.363112
6.410731,-15.108759,2.344432
6.412638,-15.114487,2.361196
6.406078,-15.145083,2.354972
6.405583,-15.16121,2.344432
6.410346,-15.195767,2.337724
6.414362,-15.214078,2.361196
6.411051,-15.23122,2.336768
6.415514,-15.24631,2.354492
6.414683,-15.262437,2.331976
6.41638,-15.269746,2.351136
6.416539,-15.281231,2.356408
6.417928,-15.296576,2.346828
6.403762,-15.309802,2.36024
6.392635,-15.326532,2.375568
6.390517,-15.346394,2.362156
6.391974,-15.373843,2.348744
6.391029,-15.394229,2.341556
6.391415,-15.409409,2.354012
6.389009,-15.422184,2.35066
6.383039,-15.44111,2.361196
6.389057,-15.457875,2.354012
6.385383,-15.46948,2.347304
6.384758,-15.47434,2.376528
6.382431,-15.49458,2.354972
6.380594,-15.504148,2.353052
6.376188,-15.536004,2.35976
6.389167,-15.56863,2.343472
6.378152,-15.635149,2.351136
6.37184,-15.658688,2.335328
6.376211,-15.69601,2.352096
6.376454,-15.718441,2.383232
6.378338,-15.746427,2.351136
6.385097,-15.770611,2.337244
6.384492,-15.795597,2.38036
6.387786,-15.823646,2.365988
6.38316,-15.844833,2.343472
6.381732,-15.860393,2.344912
6.374776,-15.868329,2.363592
6.377013,-15.894484,2.377484
6.382111,-15.903299,2.351616
6.391486,-15.921611,2.32958
6.389441,-15.952718,2.34922
6.389255,-15.970115,2.356408
6.389246,-15.998926,2.362156
6.38591,-16.016228,2.371736
6.385551,-16.040924,2.333412
6.384609,-16.051007,2.356888
6.381221,-16.072969,2.353052
6.379646,-16.10084,2.345388
6.37939,-16.1049,2.332936
6.38013,-16.117273,2.33964
6.378227,-16.122648,2.346828
6.379292,-16.144619,2.352096
6.377456,-16.172621,2.348264
6.377337,-16.182197,2.343952
6.383373,-16.202001,2.33006
6.389183,-16.235541,2.363112
6.390232,-16.256718,2.332936
6.391344,-16.276231,2.32958
6.392138,-16.28341,2.362636
6.395538,-16.296476,2.33006
6.390009,-16.317381,2.357364
6.385696,-16.323726,2.335328
6.39574,-16.353204,2.36934
6.400668,-16.3768,2.35066
6.404721,-16.39652,2.333412
6.397844,-16.432587,2.35018
6.394951,-16.477202,2.352576
6.388082,-16.498627,2.347784
6.392639,-16.530579,2.341076
6.386876,-16.562382,2.356888
6.383322,-16.593544,2.3703
6.383722,-16.623869,2.355928
6.385676,-16.644054,2.357364
6.381497,-16.645722,2.34012
6.383245,-16.645746,2.377964
6.381472,-16.669018,2.35976
6.380181,-16.704347,2.346828
6.392465,-16.733965,2.365508
6.39629,-16.797776,2.35976
6.401959,-16.876765,2.364552
6.408082,-16.911199,2.34012
6.402979,-16.922185,2.371256
6.407065,-16.947931,2.33006
6.406436,-16.98418,2.336288
6.412864,-17.028673,2.347784
6.410233,-17.051698,2.343952
6.411761,-17.090035,2.36072
6.419014,-17.115444,2.345868
6.411839,-17.127439,2.355448
6.40851,-17.146347,2.365508
6.410416,-17.171504,2.346828
6.415262,-17.200899,2.378444
6.420199,-17.220491,2.35066
6.426625,-17.253299,2.346828
6.43283,-17.282499,2.345388
6.407416,-17.338843,2.348264
6.405488,-17.397588,2.331976
6.401535,-17.408521,2.32
6.406341,-17.427472,2.34922
6.412245,-17.446346,2.35976
6.418144,-17.462845,2.346348
6.421831,-17.49489,2.344432
6.414691,-17.534875,2.36982
6.420671,-17.571526,2.344432
6.420923,-17.601235,2.35066
6.425858,-17.626047,2.347304
6.4299,-17.642171,2.362156
6.418406,-17.706913,2.373652
6.403262,-17.731178,2.358324
6.405073,-17.769649,2.365988
6.406623,-17.793688,2.33964
6.399097,-17.858706,2.345388
6.390544,-17.906994,2.372696
6.384517,-17.955712,2.33916
6.385712,-18.012837,2.347304
6.374689,-18.032777,2.366468
6.377298,-18.050255,2.366948
6.365757,-18.129974,2.334852
6.359683,-18.14425,2.313292
6.355506,-18.145298,2.3291
6.350765,-18.165951,2.343472
6.342804,-18.197325,2.336288
6.351976,-18.223181,2.343952
6.341694,-18.230127,2.33006
6.329875,-18.251518,2.324792
6.323471,-18.277146,2.331496
6.314703,-18.330097,2.357364
6.325304,-18.381041,2.331496
6.312969,-18.383561,2.363112
6.311929,-18.36112,2.356888
6.320434,-18.321296,2.34922
6.322501,-18.28963,2.368384
6.315795,-18.292289,2.351136
6.306029,-18.292518,2.345388
6.306085,-18.29248,2.35928
6.300559,-18.29599,2.336768
6.295355,-18.326202,2.343472
6.29301,-18.336309,2.32958
6.291035,-18.342705,2.345388
6.292039,-18.345367,2.355448
6.294084,-18.354131,2.332936
6.296065,-18.370097,2.3703
6.292415,-18.38522,2.325268
6.279933,-18.40246,2.376048
6.251062,-18.436326,2.3406
6.242264,-18.466344,2.351616
6.202476,-18.565976,2.356888
6.175704,-18.629248,2.367904
6.193235,-18.761051,2.346348
6.220122,-18.79589,2.34922
6.27554,-18.845976,2.322396
6.26241,-18.861457,2.337724
6.277942,-18.915956,2.358804
6.281771,-18.911714,2.315688
6.277144,-18.893014,2.353532
6.242847,-18.887243,2.317124
6.295318,-18.989441,2.338684
6.33017,-19.078427,2.336288
6.311254,-19.10122,2.342996
6.274795,-19.161164,2.33964
6.280454,-19.190682,2.32
6.305957,-19.239115,2.313772
6.325004,-19.2526,2.286468
6.327616,-19.265353,2.324792
6.33558,-19.294891,2.318084
6.343291,-19.315592,2.33054
6.337276,-19.362088,2.353052
6.349868,-19.367128,2.32096
6.358309,-19.398097,2.347784
6.29962,-19.419183,2.365508
6.312644,-19.450447,2.353532
6.377441,-19.472279,2.35066
6.430015,-19.498322,2.335808
6.462545,-19.509895,2.3497
6.429092,-19.569275,2.367904
6.421813,-19.61543,2.356408
6.384472,-19.657355,2.361676
6.371717,-19.720917,2.375568
6.415433,-19.753832,2.34922
6.510243,-19.772288,2.351136
6.544841,-19.809313,2.365508
6.324282,-19.828937,2.36024
6.29223,-19.837177,2.333412
6.285798,-19.859956,2.37078
6.276624,-19.896113,2.351616
6.280518,-19.918955,2.33964
6.308141,-19.950188,2.341556
6.316513,-19.985638,2.331496
6.3226,-20.015409,2.337724
6.331295,-20.051756,2.338204
6.362785,-20.084468,2.352096
6.387182,-20.099961,2.314732
6.414,-20.129079,2.3497
6.426097,-20.152904,2.317124
6.443432,-20.165026,2.31042
6.461475,-20.192999,2.344432
6.539429,-20.236691,2.326228
6.610058,-20.252493,2.354492
6.679794,-20.289918,2.341556
6.684461,-20.317509,2.302276
6.706924,-20.324815,2.338684
6.781047,-20.341555,2.354492
6.804909,-20.35205,2.331016
6.872434,-20.381509,2.331976
6.898709,-20.399637,2.354012
6.948963,-20.417847,2.36072
6.962834,-20.431237,2.374612
6.983217,-20.433226,2.338684
7.000658,-20.449935,2.368864
7.024007,-20.467403,2.378924
7.033463,-20.467385,2.36072
7.042602,-20.489164,2.372696
7.066464,-20.491204,2.334372
7.075191,-20.499538,2.337724
7.033169,-20.503481,2.371736
7.056056,-20.521454,2.361196
7.0983,-20.518262,2.355448
7.103233,-20.509291,2.334372
7.134314,-20.539205,2.357364
7.173647,-20.539766,2.344432
7.246139,-20.547013,2.368864
7.267504,-20.555993,2.352576
7.27967,-20.556915,2.321436
7.329954,-20.555668,2.374132
7.353156,-20.557263,2.378924
7.436338,-20.569192,2.343952
7.446698,-20.563889,2.351616
7.501679,-20.587267,2.352096
7.559431,-20.601552,2.355928
7.593537,-20.60934,2.351616
7.616033,-20.607672,2.333412
7.636568,-20.604398,2.343952
7.665528,-20.607531,2.34922
7.700848,-20.613587,2.322876
7.78056,-20.626488,2.317124
7.869165,-20.642363,2.308024
7.906652,-20.649178,2.33054
7.993902,-20.671819,2.336768
8.043474,-20.678251,2.334852
8.062551,-20.685933,2.312816
8.152688,-20.699859,2.33916
8.175533,-20.702413,2.35018
8.218356,-20.700739,2.337244
8.264956,-20.700546,2.351136
8.300829,-20.695892,2.342996
8.358774,-20.692774,2.338204
8.38388,-20.690078,2.33054
8.397192,-20.687892,2.368864
8.419446,-20.686986,2.34012
8.439024,-20.689338,2.366948
8.426946,-20.689701,2.33964
8.467033,-20.688198,2.358804
8.505037,-20.699974,2.312816
8.531627,-20.704811,2.327664
8.554851,-20.705823,2.344912
8.575261,-20.708216,2.348264
8.590392,-20.705526,2.331976
8.601928,-20.705173,2.36024
8.637946,-20.702973,2.314732
8.645427,-20.70068,2.362156
8.638226,-20.698647,2.346348
8.62573,-20.698972,2.33006
8.709698,-20.697587,2.36072
8.759865,-20.698743,2.348744
8.808888,-20.700666,2.354972
8.837792,-20.700154,2.348744
8.88676,-20.701305,2.352576
8.914162,-20.699727,2.351136
8.945092,-20.698228,2.365508
8.971511,-20.697976,2.364072
8.987886,-20.698283,2.342036
8.984335,-20.699187,2.378444
9.009259,-20.698393,2.347304
9.026452,-20.699814,2.35976
9.045883,-20.697254,2.344432
9.086678,-20.700675,2.356888
9.183332,-20.702846,2.347784
9.201072,-20.698651,2.3703
9.205943,-20.689458,2.366948
9.199049,-20.681897,2.36982
9.18723,-20.674287,2.348264
9.176117,-20.669518,2.365988
9.174685,-20.66626,2.347784
9.154635,-20.66949,2.375568
9.147139,-20.669608,2.361196
9.137045,-20.669168,2.337244
9.162303,-20.665167,2.353052
9.220921,-20.661375,2.358804
9.283493,-20.65941,2.346348
9.333272,-20.669132,2.357844
9.39028,-20.671732,2.347304
9.441855,-20.668678,2.364552
9.47651,-20.666447,2.373652
9.510084,-20.665445,2.357844
9.527633,-20.664448,2.348264
9.56656,-20.670067,2.33054
9.626866,-20.671257,2.332936
9.654527,-20.668745,2.347784
9.686017,-20.665382,2.338684
9.720034,-20.669274,2.372696
9.771837,-20.674704,2.363112
9.806616,-20.678838,2.36072
9.877089,-20.685013,2.345388
9.930028,-20.69277,2.354012
9.951616,-20.694129,2.344432
9.937814,-20.697649,2.348264
9.956587,-20.706402,2.317604
9.989859,-20.712491,2.338204
10.009273,-20.711863,2.352096
10.018404,-20.706826,2.337724
10.025207,-20.707923,2.32048
10.090392,-20.71667,2.34012
10.137438,-20.725787,2.374612
10.16302,-20.73127,2.356408
10.205528,-20.732001,2.338204
10.232416,-20.736175,2.355448
10.247039,-20.737434,2.356888
10.294393,-20.739898,2.361676
10.308162,-20.737012,2.371736
10.32874,-20.735671,2.361676
10.347796,-20.739487,2.378444
10.367923,-20.740441,2.377484
10.395843,-20.752308,2.344912
10.3882,-20.751535,2.361676
10.389823,-20.758091,2.33054
10.404922,-20.759429,2.372216
10.418023,-20.756823,2.338204
10.437909,-20.760446,2.363592
10.464857,-20.760717,2.33916
10.516423,-20.776802,2.344432
10.535074,-20.782858,2.307064
10.570637,-20.790986,2.336288
10.622964,-20.783741,2.347784
10.67033,-20.773792,2.354972
10.692989,-20.776342,2.356888
10.706826,-20.777042,2.345388
10.720203,-20.776628,2.36982
10.735837,-20.773015,2.333412
10.751706,-20.773787,2.336288
10.76734,-20.770338,2.356408
10.773214,-20.769106,2.348264
10.779959,-20.774035,2.351136
10.79106,-20.785772,2.326228
10.812011,-20.794781,2.355928
10.825245,-20.801436,2.352576
10.843584,-20.793695,2.326228
10.841147,-20.786558,2.342996
10.852807,-20.782716,2.342996
10.910769,-20.801129,2.357844
10.942531,-20.808996,2.352096
10.954422,-20.816382,2.363112
10.977014,-20.823919,2.333892
10.989848,-20.824906,2.362156
11.005049,-20.823802,2.33054
11.012871,-20.820867,2.3703
11.028476,-20.820789,2.337724
11.039071,-20.821592,2.361196
11.045253,-20.829026,2.343472
11.056822,-20.829373,2.312336
11.101081,-20.820721,2.324312
11.13008,-20.814084,2.371256
11.164369,-20.806964,2.333892
11.23927,-20.82825,2.377004
11.268601,-20.837687,2.345868
11.285896,-20.845628,2.348744
11.296148,-20.846405,2.354972
11.28462,-20.845749,2.35976
11.292426,-20.845022,2.324792
11.309726,-20.850647,2.357364
11.3131,-20.849293,2.327184
11.31155,-20.851017,2.337724
11.338115,-20.857768,2.333892
11.340886,-20.857889,2.338204
11.351775,-20.860049,2.342516
11.414937,-20.84915,2.33054
11.462067,-20.867143,2.326228
11.470268,-20.874242,2.336288
11.481562,-20.874065,2.305148
11.486135,-20.8789,2.354012
11.501114,-20.869357,2.333412
11.523543,-20.8684,2.33964
11.518791,-20.866577,2.33054
11.578382,-20.854506,2.367904
11.601728,-20.85221,2.357844
11.6124,-20.851981,2.335808
11.618132,-20.853659,2.354492
11.621927,-20.852575,2.321916
11.669839,-20.874441,2.355928
11.697782,-20.893752,2.335808
11.711408,-20.906599,2.351616
11.742772,-20.909754,2.326708
11.758832,-20.908034,2.334372
11.760236,-20.904546,2.315688
11.780203,-20.90717,2.336288
11.813418,-20.900487,2.342516
11.825142,-20.89144,2.3497
11.838814,-20.883716,2.344912
11.851876,-20.885278,2.341556
11.858312,-20.88509,2.323832
11.859796,-20.879655,2.367424
11.861622,-20.869231,2.3497
11.910152,-20.875521,2.35928
11.956508,-20.886242,2.357364
11.979775,-20.892539,2.3406
12.002565,-20.894284,2.31904
12.01369,-20.896119,2.351136
12.018347,-20.889723,2.33964
12.038617,-20.883543,2.356408
12.074745,-20.872835,2.344432
12.091643,-20.867192,2.357364
12.098643,-20.862734,2.32
12.125271,-20.875103,2.39042
12.153294,-20.878864,2.355928
12.189265,-20.885792,2.382756
12.217769,-20.891256,2.338684
12.231937,-20.890074,2.36934
12.235832,-20.894037,2.346348
12.233286,-20.893568,2.364072
12.246119,-20.891986,2.332936
12.266596,-20.894358,2.367904
12.28528,-20.898931,2.352096
12.309393,-20.9005,2.355448
12.355373,-20.899754,2.34922
12.419753,-20.897673,2.335328
12.462406,-20.891538,2.372216
12.488912,-20.886919,2.346828
12.517158,-20.883714,2.361676
12.559967,-20.878882,2.35018
12.591691,-20.875989,2.345388
12.624815,-20.872588,2.361676
12.638016,-20.87709,2.343472
12.685359,-20.871713,2.357364
12.71393,-20.870765,2.355928
12.730099,-20.873726,2.373652
12.749654,-20.874626,2.358804
12.757566,-20.878161,2.351616
12.802427,-20.880324,2.374132
12.836316,-20.883754,2.351616
12.845375,-20.884402,2.32958
12.871478,-20.879912,2.377484
12.887353,-20.884922,2.342996
12.914859,-20.888664,2.365508
12.932325,-20.887992,2.356888
12.940568,-20.887499,2.365508
12.965278,-20.881939,2.365028
12.981147,-20.8768,2.346348
13.005442,-20.870769,2.368864
13.023541,-20.874134,2.356408
13.042699,-20.878351,2.36982
13.058698,-20.875331,2.357844
13.08337,-20.87259,2.366468
13.093008,-20.871498,2.357364
13.11705,-20.87382,2.327184
13.134324,-20.8741,2.356408
13.143498,-20.873721,2.345388
13.152787,-20.880628,2.3703
13.167424,-20.881601,2.352576
13.180044,-20.87938,2.344432
13.196787,-20.881757,2.344912
13.21696,-20.880941,2.338684
13.23639,-20.879796,2.326708
13.270996,-20.873198,2.334372
13.283911,-20.868835,2.343952
13.294434,-20.868095,2.366948
13.31555,-20.862098,2.3497
13.340326,-20.859645,2.362636
13.353876,-20.859774,2.345868
13.355024,-20.858831,2.332456
13.380634,-20.853367,2.361196
13.407475,-20.856808,2.34012
13.420886,-20.851848,2.365028
13.450904,-20.85017,2.328624
13.460421,-20.848938,2.36072
13.473346,-20.850166,2.345388
13.488606,-20.848845,2.331496
13.505871,-20.856818,2.347784
13.527199,-20.857958,2.341556
13.54172,-20.859101,2.358324
13.559911,-20.851755,2.343952
13.575043,-20.848308,2.364552
13.578216,-20.847841,2.348744
13.60984,-20.851229,2.363592
13.630772,-20.85077,2.353532
13.648589,-20.850122,2.371736
13.655824,-20.849195,2.351136
13.672738,-20.846837,2.36982
13.6817,-20.841544,2.361196
13.708908,-20.838798,2.361196
13.732112,-20.834379,2.354492
13.763856,-20.830222,2.354492
13.778982,-20.831184,2.352096
13.804919,-20.834489,2.363112
13.807116,-20.832788,2.34012
13.819023,-20.832005,2.377004
13.819919,-20.836912,2.348264
13.852457,-20.839717,2.365508
13.86629,-20.848808,2.348744
13.886084,-20.853591,2.375088
13.904148,-20.856564,2.364552
13.918444,-20.863675,2.367424
13.958766,-20.870884,2.365508
13.973203,-20.876343,2.35018
13.98847,-20.873723,2.386108
14.018046,-20.867161,2.365028
14.03214,-20.864015,2.362636
14.058876,-20.862829,2.343472
14.088323,-20.860316,2.371256
14.13887,-20.860797,2.354012
14.161817,-20.855743,2.348264
14.172596,-20.855734,2.363592
14.193744,-20.850697,2.358804
14.192232,-20.854316,2.345388
14.190919,-20.854612,2.333892
14.267375,-20.863535,2.347304
14.311217,-20.87205,2.351616
14.356561,-20.88034,2.371736
14.386169,-20.883453,2.355928
14.396413,-20.886901,2.375568
14.421604,-20.891418,2.3291
14.446007,-20.901077,2.377004
14.467919,-20.904857,2.365028
14.493872,-20.907668,2.36934
14.517868,-20.90473,2.365508
14.529587,-20.901177,2.351616
14.551555,-20.899932,2.375088
14.586096,-20.902417,2.338684
14.616282,-20.904222,2.378444
14.650736,-20.910659,2.34922
14.65447,-20.917014,2.375568
14.65508,-20.920389,2.361676
14.665795,-20.920282,2.361676
14.670016,-20.928084,2.345868
14.684747,-20.927978,2.355448
14.703792,-20.925588,2.327184
14.723674,-20.924384,2.343952
14.788083,-20.936951,2.33916
14.818376,-20.937302,2.364552
14.831885,-20.937093,2.338684
14.837526,-20.937035,2.328144
14.870929,-20.935664,2.332456
14.910155,-20.947671,2.343952
14.92335,-20.956548,2.355928
14.945058,-20.95839,2.33964
14.957109,-20.962666,2.372696
14.973485,-20.95936,2.336288
14.979748,-20.956767,2.354972
15.004336,-20.951826,2.35976
15.011673,-20.94856,2.346828
15.027172,-20.948225,2.366468
15.057628,-20.941371,2.351616
15.070581,-20.932834,2.355448
15.089559,-20.937022,2.33964
15.118699,-20.941227,2.331976
15.15215,-20.944464,2.355928
15.175387,-20.952954,2.347784
15.201443,-20.959878,2.358324
15.22058,-20.960057,2.35018
15.244403,-20.961964,2.38036
15.26286,-20.961779,2.342996
15.277952,-20.963131,2.36024
15.296985,-20.956568,2.353532
15.32501,-20.94997,2.372216
15.350395,-20.946911,2.352576
15.363299,-20.946398,2.366468
15.390584,-20.940411,2.3291
15.406248,-20.932169,2.344912
15.41797,-20.927639,2.317604
15.425754,-20.927437,2.344432
15.447665,-20.936385,2.332456
15.483815,-20.945796,2.333412
15.528679,-20.956814,2.337724
15.550196,-20.963241,2.333892
15.568178,-20.972023,2.342996
15.581536,-20.97228,2.32048
15.597272,-20.971868,2.356888
15.634648,-20.970252,2.364072
15.649961,-20.966306,2.328624
15.655924,-20.963984,2.361676
15.667294,-20.963898,2.338204
15.705861,-20.953484,2.335328
15.729434,-20.942617,2.368864
15.782026,-20.927668,2.328144
15.833956,-20.916467,2.368864
15.853976,-20.908995,2.3406
15.880458,-20.904448,2.36024
15.886167,-20.901699,2.343472
15.89929,-20.898726,2.364552
15.907601,-20.896858,2.334852
15.909681,-20.895848,2.32958
15.915413,-20.896261,2.346828
15.916496,-20.895385,2.336768
15.940899,-20.898777,2.35928
15.978077,-20.908306,2.33916
16.017486,-20.918541,2.341556
16.035996,-20.921706,2.347304
16.05355,-20.925605,2.318564
16.064216,-20.927165,2.362636
16.060112,-20.931253,2.335808
16.063834,-20.932186,2.342036
16.083934,-20.930972,2.344912
16.088519,-20.926441,2.351616
16.099811,-20.923941,2.352096
16.128051,-20.924404,2.341076
16.162553,-20.920267,2.372216
16.237943,-20.920372,2.373652
16.273393,-20.92048,2.346348
16.299345,-20.913515,2.348744
16.391277,-20.916304,2.337244
16.446762,-20.919293,2.33916
16.453914,-20.916244,2.36982
16.459525,-20.917556,2.374132
16.465038,-20.91927,2.346348
16.480203,-20.918661,2.377964
16.530194,-20.916407,2.3497
16.584399,-20.920993,2.36934
16.618932,-20.920086,2.347304
16.616997,-20.920328,2.35018
16.629098,-20.924733,2.367424
16.648779,-20.928445,2.372216
16.651244,-20.935367,2.347784
16.650858,-20.934378,2.33006
16.649697,-20.93483,2.376048
16.655776,-20.933235,2.348264
16.663132,-20.933834,2.382276
16.698719,-20.933089,2.357364
16.722714,-20.939703,2.353052
16.730095,-20.938932,2.374132
16.785724,-20.929945,2.373652
16.809057,-20.918399,2.346828
16.831277,-20.911509,2.346348
16.838299,-20.907397,2.355928
16.843516,-20.906487,2.326228
16.856423,-20.908559,2.367904
16.899654,-20.914083,2.338684
16.903127,-20.916104,2.376048
16.905688,-20.92117,2.375568
16.911737,-20.925437,2.356408
16.91554,-20.924757,2.343472
16.919816,-20.923427,2.365028
16.944317,-20.926676,2.358324
16.964769,-20.932256,2.338684
16.980046,-20.934605,2.361196
16.997324,-20.929458,2.347304
17.003436,-20.927129,2.341076
17.02923,-20.91678,2.366948
17.042645,-20.918593,2.365988
17.059198,-20.918498,2.3497
17.097693,-20.928023,2.348744
17.129644,-20.928992,2.352096
17.141544,-20.930898,2.365028
17.148237,-20.926765,2.36072
17.198048,-20.919959,2.355928
17.221201,-20.91962,2.35066
17.230133,-20.91685,2.375088
17.235824,-20.920754,2.338204
17.237354,-20.922983,2.354492
17.252798,-20.926296,2.35976
17.267914,-20.933127,2.33964
17.282726,-20.936058,2.38084
17.313249,-20.936692,2.352096
17.34016,-20.936698,2.3794
17.365711,-20.942692,2.363112
17.380435,-20.944138,2.34922
17.396543,-20.942313,2.352576
17.414685,-20.941086,2.361676
17.420764,-20.943388,2.343472
17.452392,-20.945688,2.373652
17.4729,-20.946698,2.391376
17.482561,-20.946744,2.356888
17.488456,-20.945555,2.356888
17.488787,-20.946458,2.366468
17.51533,-20.947251,2.386588
17.523895,-20.951156,2.358324
17.52642,-20.953202,2.3794
17.542219,-20.953596,2.356888
17.554219,-20.953046,2.3794
17.56396,-20.947816,2.342516
17.58338,-20.947053,2.363592
17.603122,-20.939093,2.36024
17.639803,-20.933871,2.367904
17.668609,-20.930294,2.336768
17.690129,-20.922078,2.367904
17.708015,-20.918384,2.374132
17.730976,-20.912786,2.33916
17.735005,-20.912276,2.373172
17.770804,-20.910891,2.34012
17.788518,-20.906106,2.371736
17.794203,-20.904634,2.356888
17.829862,-20.899816,2.345868
17.855575,-20.897518,2.347784
17.882627,-20.894314,2.35976
17.893702,-20.89184,2.375088
17.894353,-20.885398,2.354972
17.893933,-20.884754,2.358324
17.906707,-20.886072,2.352096
17.929277,-20.886595,2.353052
17.965687,-20.882681,2.332456
17.959597,-20.883946,2.355448
17.999343,-20.876633,2.335808
18.006681,-20.870302,2.347784
18.009573,-20.865062,2.334372
18.017858,-20.861884,2.326708
18.058379,-20.856794,2.342036
18.094397,-20.851618,2.318564
18.147443,-20.848607,2.35928
18.186468,-20.851779,2.321916
18.225856,-20.85737,2.366468
18.250423,-20.856019,2.342996
18.270889,-20.854765,2.357844
18.291586,-20.849015,2.3497
18.306463,-20.844515,2.353532
18.3286,-20.844259,2.357364
18.331698,-20.846722,2.333412
18.344721,-20.843252,2.346828
18.345338,-20.83951,2.352576
18.368826,-20.840235,2.364552
18.387064,-20.838694,2.342036
18.405898,-20.8364,2.346828
18.415035,-20.834981,2.34012
18.428102,-20.829222,2.363592
18.457619,-20.830077,2.355928
18.487585,-20.826567,2.373652
18.496865,-20.822126,2.366948
18.511172,-20.816254,2.35976
18.549056,-20.806462,2.373172
18.575387,-20.794587,2.3497
18.610487,-20.793126,2.3794
18.6265,-20.795842,2.347784
18.662724,-20.793212,2.344432
18.681013,-20.791707,2.326228
18.694825,-20.786931,2.353052
18.697075,-20.788825,2.33054
18.70821,-20.793097,2.356408
18.715926,-20.791755,2.338204
18.735139,-20.795505,2.3497
18.746123,-20.794962,2.338684
18.758593,-20.796179,2.36072
18.765827,-20.800974,2.332456
18.793489,-20.796048,2.378444
18.81079,-20.800164,2.342516
18.811089,-20.802118,2.35976
18.842359,-20.791464,2.348264
18.887217,-20.783048,2.347304
18.938929,-20.775481,2.36072
18.971442,-20.771389,2.328144
18.986358,-20.769713,2.3406
18.996415,-20.767723,2.356408
19.001415,-20.76812,2.345388
19.010927,-20.762763,2.348264
19.017058,-20.759441,2.35928
19.03619,-20.759054,2.331976
19.063846,-20.757707,2.374132
19.077644,-20.754374,2.336768
19.114229,-20.743426,2.33054
19.155047,-20.732976,2.347304
19.193314,-20.726178,2.332456
19.211296,-20.72151,2.371256
19.226373,-20.718823,2.348264
19.239171,-20.720177,2.373172
19.26535,-20.719861,2.33006
19.273895,-20.717044,2.35018
19.266846,-20.715653,2.331496
19.268031,-20.71517,2.396648
19.26928,-20.713243,2.354492
19.298094,-20.71241,2.368384
19.348037,-20.707757,2.34922
19.378754,-20.700221,2.3406
19.421581,-20.689681,2.358324
19.439388,-20.685751,2.352096
19.449054,-20.682994,2.342516
19.4707,-20.685494,2.345868
19.485535,-20.693895,2.367904
19.493754,-20.687092,2.351616
19.512,-20.683453,2.36982
19.560125,-20.688253,2.341556
19.580301,-20.685104,2.375088
19.616165,-20.700568,2.356888
19.641088,-20.698066,2.367904
19.640066,-20.698803,2.361676
19.651456,-20.697623,2.365508
19.665386,-20.693969,2.356408
19.693352,-20.707922,2.367424
19.727061,-20.728168,2.352576
19.750942,-20.737874,2.361676
19.775306,-20.742124,2.35976
19.783518,-20.747382,2.347784
19.834353,-20.734701,2.376048
19.866203,-20.728595,2.3406
19.870753,-20.727185,2.353532
19.879393,-20.730901,2.353052
19.914763,-20.744707,2.354012
19.940348,-20.7539,2.353052
19.967593,-20.762947,2.337724
19.990417,-20.758469,2.36072
19.998855,-20.756679,2.344432
20.000864,-20.752957,2.3703
20.000602,-20.752527,2.355928
20.002461,-20.75148,2.34922
20.01613,-20.752166,2.338684
20.049205,-20.748803,2.36024
20.092845,-20.759019,2.335328
20.12047,-20.771255,2.361196
20.134652,-20.772584,2.345388
20.143389,-20.763418,2.36024
20.130496,-20.763064,2.342516
20.141345,-20.752744,2.375568
20.176171,-20.754164,2.357844
20.224899,-20.754569,2.388024
20.24354,-20.752861,2.356408
20.260647,-20.752471,2.34012
20.261297,-20.75343,2.374132
20.268855,-20.748094,2.35066
20.291428,-20.751775,2.354492
20.33792,-20.755907,2.342996
20.37327,-20.758455,2.367904
20.390636,-20.752585,2.364552
20.421197,-20.750499,2.363112
20.462523,-20.74545,2.355448
20.471218,-20.7501,2.332456
20.489484,-20.748538,2.363592
20.491855,-20.75686,2.357844
20.50531,-20.759839,2.352096
20.533554,-20.761104,2.331496
20.551971,-20.765476,2.37988
20.583423,-20.763046,2.352096
20.586692,-20.762517,2.385148
20.597735,-20.768124,2.342996
20.610053,-20.777832,2.356888
20.648965,-20.780876,2.356888
20.678952,-20.77918,2.367424
20.71947,-20.776493,2.358324
20.740339,-20.784789,2.387544
20.755903,-20.794573,2.345388
20.814345,-20.779014,2.38084
20.865823,-20.786211,2.361676
20.892755,-20.792868,2.342996
20.899278,-20.791485,2.383712
20.919257,-20.786918,2.361676
20.929078,-20.80055,2.363592
20.966444,-20.801789,2.358324
20.9819,-20.810122,2.382756
20.998521,-20.834751,2.351616
21.007465,-20.844873,2.388024
21.044809,-20.846065,2.354972
21.077261,-20.844441,2.358804
21.085308,-20.832634,2.354012
21.111562,-20.827974,2.353532
21.129578,-20.832789,2.32958
21.132313,-20.833199,2.35066
21.162339,-20.838464,2.38084
21.183648,-20.849413,2.343952
21.206401,-20.85497,2.373172
21.203275,-20.862735,2.341076
21.215006,-20.865098,2.367424
21.225314,-20.864844,2.3406
21.235739,-20.864977,2.366948
21.2643,-20.869345,2.33916
21.284558,-20.871776,2.374132
21.322371,-20.879959,2.353532
21.346886,-20.893015,2.39042
21.371606,-20.906642,2.371736
21.397007,-20.909879,2.363592
21.420065,-20.908612,2.353052
21.425129,-20.911716,2.366468
21.432389,-20.908955,2.365988
21.445874,-20.908104,2.372216
21.478274,-20.910818,2.355928
21.486037,-20.911223,2.366468
21.500029,-20.910687,2.357364
21.516452,-20.911833,2.353052
21.538534,-20.911666,2.344912
21.554574,-20.919004,2.361676
21.565139,-20.91977,2.364072
21.587485,-20.920236,2.344432
21.626189,-20.929221,2.377004
21.634342,-20.936904,2.367904
21.651784,-20.941472,2.344432
21.679133,-20.944119,2.351616
21.687649,-20.940328,2.346828
21.705872,-20.94198,2.3794
21.719069,-20.946004,2.343472
21.739862,-20.95287,2.35928
21.773679,-20.96082,2.352576
21.802698,-20.968155,2.367904
21.825315,-20.976134,2.365508
21.841595,-20.982881,2.3497
21.849612,-20.991954,2.35976
21.877082,-21.001384,2.325268
21.88843,-21.002049,2.377964
21.914269,-21.009254,2.373172
21.927115,-21.011309,2.357364
21.952562,-21.016363,2.364552
21.979688,-21.02345,2.336768
21.989985,-21.028483,2.374132
22.011096,-21.030119,2.341076
22.019033,-21.037822,2.337724
22.0279,-21.043575,2.373652
22.036394,-21.053058,2.341556
22.039408,-21.055621,2.361196
22.054523,-21.060934,2.367424
22.069689,-21.065672,2.347784
22.105485,-21.06525,2.361676
22.144897,-21.07215,2.335328
22.175494,-21.073719,2.35976
22.175266,-21.072815,2.348744
22.190005,-21.064196,2.375088
22.215579,-21.058625,2.348264
22.219853,-21.062828,2.347784
22.226946,-21.064346,2.356408
22.25424,-21.055189,2.37078
22.287851,-21.056697,2.376048
22.292725,-21.052132,2.367904
22.321093,-21.049813,2.366948
22.338037,-21.054438,2.397604
22.344008,-21.054438,2.362156
22.350063,-21.056003,2.363592
22.384355,-21.056083,2.354972
22.403269,-21.058709,2.391856
22.419516,-21.055243,2.372216
22.445365,-21.051548,2.385148
22.488842,-21.048487,2.361676
22.510921,-21.046306,2.364072
22.519425,-21.04218,2.342996
22.559377,-21.043338,2.378924
22.601927,-21.042963,2.345868
22.608753,-21.037826,2.378924
22.648702,-21.039171,2.35066
22.676368,-21.043098,2.361676
22.696541,-21.043888,2.344912
22.716256,-21.043203,2.354972
22.73316,-21.039817,2.352576
22.765651,-21.037297,2.347304
22.779845,-21.035117,2.343952
22.802992,-21.029097,2.353052
22.814809,-21.028082,2.354012
22.838284,-21.03054,2.341076
22.894128,-21.042176,2.35976
22.942285,-21.048339,2.345868
22.984677,-21.050679,2.337244
23.001571,-21.057418,2.33916
23.028622,-21.061978,2.34922
23.051141,-21.064311,2.336288
23.060458,-21.064088,2.33916
23.071481,-21.068475,2.344432
23.082607,-21.067881,2.328144
23.102219,-21.065279,2.355928
23.11596,-21.058735,2.326708
23.139336,-21.059609,2.362156
23.192599,-21.058601,2.342036
23.23174,-21.055429,2.338204
23.261764,-21.051057,2.347304
23.292613,-21.049991,2.353532
23.303099,-21.041023,2.35018
23.319397,-21.038011,2.35066
23.31725,-21.038208,2.332456
23.341798,-21.03476,2.353532
23.337417,-21.031345,2.336288
23.362934,-21.028348,2.357364
23.366691,-21.025061,2.334852
23.384386,-21.019338,2.377484
23.396807,-21.018534,2.341556
23.403344,-21.017508,2.38946
23.412289,-21.010072,2.354972
23.416683,-21.003021,2.365508
23.425754,-21.000149,2.373172
23.435201,-21.002374,2.343952
23.471002,-20.995859,2.35018
23.479962,-20.991566,2.372696
23.485776,-20.987894,2.353052
23.489176,-20.983208,2.34922
23.50889,-20.981463,2.352576
23.519592,-20.9789,2.387064
23.521668,-20.976119,2.34922
23.572638,-20.982095,2.3497
23.620021,-20.984694,2.3291
23.663241,-20.982509,2.343472
23.681642,-20.980476,2.333412
23.704196,-20.975614,2.362156
23.724909,-20.97172,2.332456
23.741981,-20.969823,2.35018
23.744292,-20.967792,2.33964
23.760199,-20.96117,2.373172
23.814255,-20.975884,2.3406
23.848802,-20.985318,2.375568
23.919236,-20.989462,2.376528
23.939328,-20.990304,2.351616
23.946223,-20.99534,2.336288
24.000672,-20.988809,2.356408
24.053431,-20.975599,2.354972
24.050806,-20.964922,2.362636
24.039388,-20.961171,2.334372
24.082162,-20.966592,2.365508
24.107831,-20.977344,2.347304
24.142479,-20.979995,2.363592
24.179385,-20.975313,2.374612
24.186848,-20.974022,2.351616
24.207541,-20.974048,2.376528
24.209208,-20.974309,2.343472
24.219781,-20.967845,2.36982
24.276787,-20.974625,2.344912
24.307035,-20.980601,2.343952
24.351437,-20.973754,2.361196
24.353255,-20.974338,2.354012
24.393779,-20.967287,2.361196
24.457708,-20.96433,2.357364
24.505858,-20.96304,2.377484
24.532056,-20.962333,2.337724
24.553562,-20.961413,2.376528
24.562812,-20.958567,2.35928
24.554662,-20.953885,2.341076
24.616986,-20.955824,2.333892
24.63733,-20.962186,2.3497
24.684599,-20.95639,2.353052
24.730892,-20.949592,2.3794
24.755617,-20.947321,2.348744
24.791199,-20.948004,2.351616
24.80151,-20.943403,2.383712
24.813416,-20.94462,2.342036
24.839339,-20.939211,2.381316
24.85673,-20.939141,2.363592
24.862786,-20.943471,2.352576
24.883381,-20.941159,2.357364
24.897603,-20.947452,2.366948
24.926602,-20.947414,2.333892
24.953746,-20.952664,2.345388
24.961602,-20.958499,2.35928
24.99358,-20.962777,2.343952
25.003191,-20.963008,2.35976
25.02522,-20.968138,2.377484
25.062558,-20.97141,2.365508
25.085367,-20.97437,2.353532
25.119783,-20.978858,2.373172
25.127992,-20.978569,2.342516
25.170822,-20.987979,2.365028
25.194003,-20.986048,2.383712
25.203343,-20.992072,2.346828
25.241844,-20.992401,2.3794
25.273453,-20.992583,2.363112
25.298808,-20.989617,2.374612
25.31272,-20.99383,2.343952
25.336252,-20.995309,2.353532
25.352689,-21.000851,2.394732
25.364206,-21.006183,2.367424
25.390745,-21.003199,2.388504
25.42755,-21.007725,2.33916
25.45655,-21.002284,2.375568
25.436463,-21.006664,2.351136
25.439015,-21.006642,2.366948
25.435221,-21.005164,2.366468
25.447666,-21.005838,2.342996
25.493591,-21.009649,2.344432
25.513795,-21.012548,2.382276
25.539045,-21.014834,2.356888
25.574119,-21.013751,2.373172
25.618786,-21.011153,2.354012
25.655687,-21.010509,2.365988
25.727549,-20.996468,2.364552
25.763853,-20.990567,2.364072
25.79976,-20.988508,2.3497
25.813467,-20.990956,2.355448
25.839455,-20.988804,2.366468
25.874708,-20.993516,2.358804
25.883362,-20.99594,2.364072
25.892925,-20.998859,2.361676
25.908104,-20.997332,2.364072
25.921573,-21.001508,2.361196
25.929932,-21.001477,2.38946
25.939584,-21.003298,2.363592
25.967754,-21.005627,2.376048
25.994459,-21.012716,2.347304
26.008865,-21.019667,2.375568
26.038612,-21.02517,2.376048
26.051449,-21.02757,2.354492
26.073857,-21.028517,2.335328
26.088786,-21.03407,2.365028
26.094216,-21.041566,2.34922
26.105058,-21.048833,2.367904
26.104802,-21.051558,2.363112
26.125976,-21.053593,2.352576
26.143155,-21.05889,2.385628
26.178531,-21.055953,2.367904
26.210589,-21.060264,2.354012
26.237566,-21.063181,2.36072
26.25703,-21.063231,2.3909
26.29144,-21.064366,2.365988
26.316668,-21.063656,2.355928
26.350827,-21.064868,2.363112
26.364246,-21.063571,2.334372
26.372114,-21.062443,2.363112
26.432215,-21.05482,2.338204
26.467065,-21.053652,2.362636
26.491317,-21.052884,2.34922
26.495175,-21.052039,2.375088
26.539334,-21.052426,2.377964
26.569075,-21.049024,2.332456
26.617697,-21.041717,2.347304
26.636997,-21.035543,2.361676
26.644986,-21.034745,2.348744
26.699886,-21.032069,2.343472
26.769456,-21.039149,2.36072
26.790648,-21.036241,2.328144
26.817384,-21.03173,2.353532
26.842191,-21.031052,2.336768
26.879646,-21.031515,2.355928
26.887914,-21.034825,2.338684
26.895859,-21.033617,2.342516
26.967863,-21.041916,2.345388
27.011972,-21.042067,2.336288
27.071242,-21.035415,2.362636
27.10264,-21.028114,2.36024
27.150953,-21.026937,2.357844
27.255908,-21.029666,2.361196
27.270416,-21.034313,2.353052
27.283349,-21.034609,2.362636
27.307602,-21.035339,2.347784
27.319903,-21.030551,2.36934
27.346628,-21.029514,2.365028
27.386537,-21.009029,2.374132
27.416444,-20.999307,2.346828
27.435269,-20.990746,2.326708
27.453405,-20.986969,2.358804
27.475048,-20.989254,2.35018
27.500026,-20.990192,2.335808
27.506787,-20.993192,2.344912
27.526254,-20.997336,2.355928
27.576293,-20.986346,2.32048
27.612256,-20.981146,2.341556
27.635573,-20.978199,2.365508
27.688366,-20.971466,2.346828
27.726484,-20.971543,2.345388
27.766249,-20.969694,2.354012
27.816617,-20.958735,2.352576
27.875243,-20.949696,2.327664
27.926224,-20.948625,2.343952
27.957697,-20.948942,2.327664
27.971279,-20.953441,2.348744
28.03618,-20.946419,2.341076
28.087161,-20.943531,2.382756
28.115588,-20.940198,2.374612
28.163827,-20.942404,2.367904
28.264138,-20.918977,2.365988
28.308295,-20.900279,2.36024
28.313963,-20.891428,2.365508
28.35543,-20.906,2.3497
28.3813,-20.92358,2.342516
28.393448,-20.930532,2.347784
28.400254,-20.939903,2.3703
28.420445,-20.933014,2.33916
28.457727,-20.927772,2.358324
28.479159,-20.910159,2.367424
28.475981,-20.899133,2.36072
28.517699,-20.901873,2.381796
28.569301,-20.908177,2.352096
28.595412,-20.900719,2.362156
28.618074,-20.902317,2.34922
28.627019,-20.900585,2.36024
28.670511,-20.884578,2.35928
28.715317,-20.868252,2.368864
28.731635,-20.862664,2.3406
28.736799,-20.865448,2.354012
28.732785,-20.874419,2.358324
28.742734,-20.873265,2.375568
28.751239,-20.872233,2.35066
28.748496,-20.874177,2.331016
28.779356,-20.870421,2.342996
28.813443,-20.869957,2.36982
28.882205,-20.852721,2.364552
28.92948,-20.851525,2.372216
28.944406,-20.847126,2.348264
28.994713,-20.833268,2.36934
29.03254,-20.834288,2.353532
29.086687,-20.821254,2.37988
29.109747,-20.819021,2.352576
29.155239,-20.807082,2.35976
29.175205,-20.79275,2.352576
29.196223,-20.784068,2.334372
29.244195,-20.767158,2.341076
29.250195,-20.756753,2.37078
29.306168,-20.750378,2.373172
29.312146,-20.757177,2.355448
29.324759,-20.758458,2.344912
29.375034,-20.759723,2.362156
29.412039,-20.75411,2.33054
29.417881,-20.745691,2.36024
29.426276,-20.757387,2.33006
29.469798,-20.762243,2.343472
29.505724,-20.758938,2.354012
29.509491,-20.755179,2.326708
29.510213,-20.753916,2.345388
29.593642,-20.77635,2.374132
29.645477,-20.764553,2.361196
29.653218,-20.750761,2.345388
29.662581,-20.738903,2.375568
29.679823,-20.740196,2.354972
29.709224,-20.75777,2.348744
29.732872,-20.77686,2.337244
29.764666,-20.7803,1.93964
29.770119,-20.779496,1.155448
29.78404,-20.777996,0.597364
29.794859,-20.766789,0.422996
